CANDIDATE,PARTY,CONSTITUENCY,STATE,VOTES
"RAKIBUL HUSSAIN","Indian National Congress",DHUBRI,ASSAM,1471885
"SHANKAR LALWANI","Bharatiya Janata Party",INDORE,"MADHYA PRADESH",1226751
"SHIVRAJ SINGH CHOUHAN","Bharatiya Janata Party",VIDISHA,"MADHYA PRADESH",1116460
"DR C N MANJUNATH","Bharatiya Janata Party","BANGALORE RURAL",KARNATAKA,1079002
"BRIJMOHAN AGRAWAL","Bharatiya Janata Party",RAIPUR,CHHATTISGARH,1050351
"ABHISHEK BANERJEE","All India Trinamool Congress","DIAMOND HARBOUR","WEST BENGAL",1048230
"C R PATIL","Bharatiya Janata Party",NAVSARI,GUJARAT,1031065
"AMIT SHAH","Bharatiya Janata Party",GANDHINAGAR,GUJARAT,1010972
"EATALA RAJENDER","Bharatiya Janata Party",MALKAJGIRI,TELANGANA,991042
"SHOBHA KARANDLAJE","Bharatiya Janata Party","BANGALORE NORTH",KARNATAKA,986049
"ALOK SHARMA","Bharatiya Janata Party",BHOPAL,"MADHYA PRADESH",981109
"VIJAY BAGHEL","Bharatiya Janata Party",DURG,CHHATTISGARH,956497
"SUDHEER GUPTA","Bharatiya Janata Party",MANDSOUR,"MADHYA PRADESH",945761
"MAHENDRA SINGH SOLANKY","Bharatiya Janata Party",DEWAS,"MADHYA PRADESH",928941
"JYOTIRADITYA M. SCINDIA","Bharatiya Janata Party",GUNA,"MADHYA PRADESH",923302
"SRIBHARAT MATHUKUMILI","Telugu Desam",VISAKHAPATNAM,"ANDHRA PRADESH",907467
"KAMAKHYA PRASAD TASA","Bharatiya Janata Party",KAZIRANGA,ASSAM,897043
"BIJULI KALITA  MEDHI","Bharatiya Janata Party",GUWAHATI,ASSAM,894887
"PRATIMA MONDAL","All India Trinamool Congress",JOYNAGAR,"WEST BENGAL",894312
"CHANDRA PRAKASH JOSHI","Bharatiya Janata Party",CHITTORGARH,RAJASTHAN,888202
"MANJU SHARMA","Bharatiya Janata Party",JAIPUR,RAJASTHAN,886850
"BIPLAB KUMAR DEB","Bharatiya Janata Party","TRIPURA WEST",TRIPURA,881341
"DR. HEMANG JOSHI","Bharatiya Janata Party",VADODARA,GUJARAT,873189
"DILIP SAIKIA","Bharatiya Janata Party",DARRANG-UDALGURI,ASSAM,868387
"YOGENDER CHANDOLIYA","Bharatiya Janata Party","NORTH-WEST DELHI",DELHI,866483
"DUSHYANT SINGH","Bharatiya Janata Party",JHALAWAR-BARAN,RAJASTHAN,865376
"DR CHANDRA SEKHAR PEMMASANI","Telugu Desam",GUNTUR,"ANDHRA PRADESH",864948
"GYANESHWAR PATIL","Bharatiya Janata Party",KHANDWA,"MADHYA PRADESH",862679
"PHANI BHUSAN CHOUDHURY","Asom Gana Parishad",BARPETA,ASSAM,860113
"PARSHOTTAMBHAI RUPALA","Bharatiya Janata Party",RAJKOT,GUJARAT,857984
"DR. MAHESH SHARMA","Bharatiya Janata Party","GAUTAM BUDDHA NAGAR","UTTAR PRADESH",857829
"ASIT KUMAR MAL","All India Trinamool Congress",BOLPUR,"WEST BENGAL",855633
"ATUL GARG","Bharatiya Janata Party",GHAZIABAD,"UTTAR PRADESH",854170
"H.D. KUMARASWAMY","Janata Dal  (Secular)",MANDYA,KARNATAKA,851881
"DURGADAS (D. D.) UIKEY","Bharatiya Janata Party",BETUL,"MADHYA PRADESH",848236
"KAMALJEET SEHRAWAT","Bharatiya Janata Party","WEST DELHI",DELHI,842658
"ADHIKARI DEEPAK (DEV)","All India Trinamool Congress",GHATAL,"WEST BENGAL",837990
"ANIL FIROJIYA","Bharatiya Janata Party",UJJAIN,"MADHYA PRADESH",836104
"MANOJ TIWARI","Bharatiya Janata Party","NORTH-EAST DELHI",DELHI,824451
DR.K.SUDHAKAR,"Bharatiya Janata Party",CHIKKBALLAPUR,KARNATAKA,822619
"RAJ KUMAR ROAT","Bharat Adivasi Party",BANSWARA,RAJASTHAN,820831
"GAJENDRA SINGH PATEL","Bharatiya Janata Party",KHARGONE,"MADHYA PRADESH",819863
"DARSHAN SINGH CHOUDHARY","Bharatiya Janata Party",HOSHANGABAD,"MADHYA PRADESH",812147
"KONDA VISHWESHWAR REDDY","Bharatiya Janata Party",CHEVELLA,TELANGANA,809882
"D K SURESH","Indian National Congress","BANGALORE RURAL",KARNATAKA,809355
"RAO INDERJIT SINGH","Bharatiya Janata Party",GURGAON,HARYANA,808336
"RADHESHYAM RATHIYA","Bharatiya Janata Party",RAIGARH,CHHATTISGARH,808275
"LAVU SRIKRISHNA DEVARAYALU","Telugu Desam",NARSARAOPET,"ANDHRA PRADESH",807996
"DAMODAR AGARWAL","Bharatiya Janata Party",BHILWARA,RAJASTHAN,807640
"SK NURUL ISLAM","All India Trinamool Congress",BASIRHAT,"WEST BENGAL",803762
"G M HARISH (BALAYOGI)","Telugu Desam",AMALAPURAM,"ANDHRA PRADESH",796981
"Sasikanth Senthil","Indian National Congress",TIRUVALLUR,"TAMIL NADU",796956
LUMBARAM,"Bharatiya Janata Party",JALORE,RAJASTHAN,796783
"JASHUBHAI BHILUBHAI RATHVA","Bharatiya Janata Party","CHHOTA UDAIPUR",GUJARAT,796589
"ANITA NAGARSINGH CHOUHAN","Bharatiya Janata Party",RATLAM,"MADHYA PRADESH",795863
"YADUVEER KRISHNADATTA CHAMARAJA WADIYAR","Bharatiya Janata Party",MYSORE,KARNATAKA,795503
"RAJPALSINH MAHENDRASINH JADAV","Bharatiya Janata Party",PANCHMAHAL,GUJARAT,794579
"SAVITRI THAKUR","Bharatiya Janata Party",DHAR,"MADHYA PRADESH",794449
"KESINENI SIVANATH (CHINNI)","Telugu Desam",VIJAYAWADA,"ANDHRA PRADESH",794154
"ANNPURNA DEVI","Bharatiya Janata Party",KODARMA,JHARKHAND,791657
"ASHISH DUBEY","Bharatiya Janata Party",JABALPUR,"MADHYA PRADESH",790133
"DULU MAHATO","Bharatiya Janata Party",DHANBAD,JHARKHAND,789172
"PRADYUT BORDOLOI","Indian National Congress",NAGAON,ASSAM,788850
"KRISHAN PAL","Bharatiya Janata Party",FARIDABAD,HARYANA,788569
"JAGADISH CHANDRA BARMA BASUNIA","All India Trinamool Congress",COOCHBEHAR,"WEST BENGAL",788375
"DR. LATA WANKHEDE","Bharatiya Janata Party",SAGAR,"MADHYA PRADESH",787979
"KUNDURU RAGHUVEER","Indian National Congress",NALGONDA,TELANGANA,784337
"DEEPENDER SINGH HOODA","Indian National Congress",ROHTAK,HARYANA,783578
"VISHWESHWAR HEGDE KAGERI","Bharatiya Janata Party","UTTARA KANNADA",KARNATAKA,782495
"JAGANNATH SARKAR","Bharatiya Janata Party",RANAGHAT,"WEST BENGAL",782396
"MAHIMA KUMARI MEWAR","Bharatiya Janata Party",RAJSAMAND,RAJASTHAN,781203
B.Y.RAGHAVENDRA,"Bharatiya Janata Party",SHIMOGA,KARNATAKA,778721
"DAGGUMALLA PRASADA RAO","Telugu Desam",CHITTOOR,"ANDHRA PRADESH",778071
"KRITI DEVI DEBBARMAN","Bharatiya Janata Party","TRIPURA EAST",TRIPURA,777447
"RANJIT DUTTA","Bharatiya Janata Party",SONITPUR,ASSAM,775788
"VISHNU DATT SHARMA (V.D.SHARMA)","Bharatiya Janata Party",KHAJURAHO,"MADHYA PRADESH",772774
"AJAY BHATT","Bharatiya Janata Party","NAINITAL-UDHAMSINGH NAGAR",UTTARAKHAND,772671
"HASMUKHBHAI PATEL (H.S.PATEL)","Bharatiya Janata Party","AHMEDABAD EAST",GUJARAT,770459
"VISHNU DAYAL RAM","Bharatiya Janata Party",PALAMAU,JHARKHAND,770362
"AMBICA G LAKSHMINARAYANA VALMIKI","Telugu Desam",ANANTHAPUR,"ANDHRA PRADESH",768245
"RAMASAHAYAM RAGHURAM REDDY","Indian National Congress",KHAMMAM,TELANGANA,766929
"DR JAYANTA KUMAR ROY","Bharatiya Janata Party",JALPAIGURI,"WEST BENGAL",766568
"PRABHAKAR REDDY VEMIREDDY","Telugu Desam",NELLORE,"ANDHRA PRADESH",766202
"ABHIJIT GANGOPADHYAY","Bharatiya Janata Party",TAMLUK,"WEST BENGAL",765584
"DHAVAL LAXMANBHAI  PATEL","Bharatiya Janata Party",VALSAD,GUJARAT,764226
"CAPTAIN BRIJESH CHOWTA","Bharatiya Janata Party","DAKSHINA KANNADA",KARNATAKA,764132
"PARBHUBHAI NAGARBHAI VASAVA","Bharatiya Janata Party",BARDOLI,GUJARAT,763950
"ADHIKARI SOUMENDU","Bharatiya Janata Party",KANTHI,"WEST BENGAL",763195
C.M.RAMESH,"Bharatiya Janata Party",ANAKAPALLE,"ANDHRA PRADESH",762069
"JAGADISH SHETTAR","Bharatiya Janata Party",BELGAUM,KARNATAKA,762029
"RODMAL NAGAR","Bharatiya Janata Party",RAJGARH,"MADHYA PRADESH",758743
"T R BAALU","Dravida Munnetra Kazhagam",SRIPERUMBUDUR,"TAMIL NADU",758611
"P. P. CHAUDHARY","Bharatiya Janata Party",PALI,RAJASTHAN,757389
"BAPI HALDAR","All India Trinamool Congress",MATHURAPUR,"WEST BENGAL",755731
"CHHATRAPATI SHAHU SHAHAJI","Indian National Congress",KOLHAPUR,MAHARASHTRA,754522
"KINJARAPU RAMMOHAN NAIDU","Telugu Desam",SRIKAKULAM,"ANDHRA PRADESH",754328
"GAURAV GOGOI","Indian National Congress",JORHAT,ASSAM,751771
"SUNIL BOSE","Indian National Congress",CHAMARAJANAGAR,KARNATAKA,751671
"FAGGAN SINGH KULASTE","Bharatiya Janata Party",MANDLA,"MADHYA PRADESH",751375
"TEJASVI SURYA","Bharatiya Janata Party","BANGALORE SOUTH",KARNATAKA,750830
"OM BIRLA","Bharatiya Janata Party",KOTA,RAJASTHAN,750496
"NISITH PRAMANIK","Bharatiya Janata Party",COOCHBEHAR,"WEST BENGAL",749125
"OMPRAKASH BHUPALSINH ALIAS PAVAN RAJENIMBALKAR","Shiv Sena (Uddhav Balasaheb Thackrey)",OSMANABAD,MAHARASHTRA,748752
"BHAGIRATH CHOUDHARY","Bharatiya Janata Party",AJMER,RAJASTHAN,747462
"PUTTA MAHESH KUMAR","Telugu Desam",ELURU,"ANDHRA PRADESH",746351
"ADV GOWAAL KAGADA PADAVI","Indian National Congress",NANDURBAR,MAHARASHTRA,745998
"DEVUSINH CHAUHAN","Bharatiya Janata Party",KHEDA,GUJARAT,744435
"KALIPADA SAREN (KHERWAL)","All India Trinamool Congress",JHARGRAM,"WEST BENGAL",743478
"APPALANAIDU KALISETTI","Telugu Desam",VIZIANAGARAM,"ANDHRA PRADESH",743113
"MANOHAR LAL","Bharatiya Janata Party",KARNAL,HARYANA,739285
"MANNA LAL RAWAT","Bharatiya Janata Party",UDAIPUR,RAJASTHAN,738286
"NARESH GANPAT MHASKE","Shiv Sena",THANE,MAHARASHTRA,734231
SELJA,"Indian National Congress",SIRSA,HARYANA,733823
"RAJ BABBAR","Indian National Congress",GURGAON,HARYANA,733257
"SUPRIYA SULE","Nationalist Congress Party – Sharadchandra Pawar",BARAMATI,MAHARASHTRA,732312
"KOTA SRINIVAS POOJARY","Bharatiya Janata Party","UDUPI CHIKMAGALUR",KARNATAKA,732234
"E. TUKARAM","Indian National Congress",BELLARY,KARNATAKA,730845
"GAJENDRA SINGH SHEKHAWAT","Bharatiya Janata Party",JODHPUR,RAJASTHAN,730056
"TANGELLA UDAY SRINIVAS  (TEA TIME UDAY)","Janasena Party",KAKINADA,"ANDHRA PRADESH",729699
"RAHUL KASWAN","Indian National Congress",CHURU,RAJASTHAN,728211
"PROFESSOR M.V RAJEEV GOWDA","Indian National Congress","BANGALORE NORTH",KARNATAKA,726573
"DAGGUBATI PURANDHESHWARI","Bharatiya Janata Party",RAJAHMUNDRY,"ANDHRA PRADESH",726515
"KULDEEP INDORA","Indian National Congress",GANGANAGAR,RAJASTHAN,726492
"BIDYUT BARAN MAHATO","Bharatiya Janata Party",JAMSHEDPUR,JHARKHAND,726174
"B K PARTHASARATHI","Telugu Desam",HINDUPUR,"ANDHRA PRADESH",725534
"TOKHAN SAHU","Bharatiya Janata Party",BILASPUR,CHHATTISGARH,724937
"SAJDA AHMED","All India Trinamool Congress",ULUBERIA,"WEST BENGAL",724622
"BALASHOWRY VALLABHANENI","Janasena Party",MACHILIPATNAM,"ANDHRA PRADESH",724439
"V. SOMANNA","Bharatiya Janata Party",TUMKUR,KARNATAKA,720946
"AZAD KIRTI JHA","All India Trinamool Congress",BARDHAMAN-DURGAPUR,"WEST BENGAL",720667
"DR. SHARMILA SARKAR","All India Trinamool Congress","BARDHAMAN PURBA","WEST BENGAL",720302
"TANUJ PUNIA","Indian National Congress",BARABANKI,"UTTAR PRADESH",719927
"SHANTANU THAKUR","Bharatiya Janata Party",BANGAON,"WEST BENGAL",719505
"DHANORKAR PRATIBHA SURESH ALIAS BALUBHAU","Indian National Congress",CHANDRAPUR,MAHARASHTRA,718410
"SATABDI ROY","All India Trinamool Congress",BIRBHUM,"WEST BENGAL",717961
"SAYANI GHOSH","All India Trinamool Congress",JADAVPUR,"WEST BENGAL",717899
"KRISHNA PRASAD TENNETI","Telugu Desam",BAPATLA,"ANDHRA PRADESH",717493
"NIMUBEN JAYANTIBHAI BAMBHANIYA (NIMUBEN BAMBHANIYA)","Bharatiya Janata Party",BHAVNAGAR,GUJARAT,716883
"PRADEEP PUROHIT","Bharatiya Janata Party",BARGARH,ODISHA,716359
"PRALHAD JOSHI","Bharatiya Janata Party",DHARWAD,KARNATAKA,716231
"UTTAM BARIK SON OF LATE BIRENDRA BARIK","All India Trinamool Congress",KANTHI,"WEST BENGAL",715431
"DR. VIRENDRA KUMAR","Bharatiya Janata Party",TIKAMGARH,"MADHYA PRADESH",715050
"PRIYANKA SATISH JARKIHOLI","Indian National Congress",CHIKKODI,KARNATAKA,713461
"CHINTAMANI MAHARAJ","Bharatiya Janata Party",SURGUJA,CHHATTISGARH,713200
"BHARTI PARDHI","Bharatiya Janata Party",BALAGHAT,"MADHYA PRADESH",712660
"BAG MITALI","All India Trinamool Congress",ARAMBAGH,"WEST BENGAL",712587
"SANTOSH PANDEY","Bharatiya Janata Party",RAJNANDGAON,CHHATTISGARH,712057
"SMT. HIMADRI SINGH","Bharatiya Janata Party",SHAHDOL,"MADHYA PRADESH",711143
"RAHUL SINGH LODHI","Bharatiya Janata Party",DAMOH,"MADHYA PRADESH",709768
"PRAHLAD GUNJAL","Indian National Congress",KOTA,RAJASTHAN,708522
"BHUPATHI RAJU SRINIVASA VARMA (B.J.P.VARMA)","Bharatiya Janata Party",NARSAPURAM,"ANDHRA PRADESH",707343
"ARUP KANTI DIGAR","Bharatiya Janata Party",ARAMBAGH,"WEST BENGAL",706188
"BASAVARAJ BOMMAI","Bharatiya Janata Party",HAVERI,KARNATAKA,705538
"UMMEDA RAM BENIWAL","Indian National Congress",BARMER,RAJASTHAN,704676
"ROOP KUMARI CHOUDHARY","Bharatiya Janata Party",MAHASAMUND,CHHATTISGARH,703659
"RACHNA BANERJEE","All India Trinamool Congress",HOOGHLY,"WEST BENGAL",702744
"JUNE MALIAH","All India Trinamool Congress",MEDINIPUR,"WEST BENGAL",702192
"MAGUNTA SREENIVASULU REDDY","Telugu Desam",ONGOLE,"ANDHRA PRADESH",701894
"DR BYREDDY SHABARI","Telugu Desam",NANDYAL,"ANDHRA PRADESH",701131
"DR. AMOL RAMSING KOLHE","Nationalist Congress Party – Sharadchandra Pawar",SHIRUR,MAHARASHTRA,698692
"MANOJ TIGGA","Bharatiya Janata Party",ALIPURDUARS,"WEST BENGAL",695314
"SARBANANDA SONOWAL","Bharatiya Janata Party",DIBRUGARH,ASSAM,693762
"NISHIKANT DUBEY","Bharatiya Janata Party",GODDA,JHARKHAND,693140
"RAMVIR SINGH BIDHURI","Bharatiya Janata Party","SOUTH DELHI",DELHI,692832
"SHRIRANG APPA CHANDU BARNE","Shiv Sena",MAVAL,MAHARASHTRA,692832
"KAKOLI GHOSH DASTIDAR","All India Trinamool Congress",BARASAT,"WEST BENGAL",692010
"M. MALLESH BABU","Janata Dal  (Secular)",KOLAR,KARNATAKA,691481
"ANURAG SHARMA","Bharatiya Janata Party",JHANSI,"UTTAR PRADESH",690316
"JASWANTSINH SUMANBHAI BHABHOR","Bharatiya Janata Party",DAHOD,GUJARAT,688715
"DEBANGSHU BHATTACHARYA","All India Trinamool Congress",TAMLUK,"WEST BENGAL",687851
"RAHUL GANDHI","Indian National Congress","RAE BARELI","UTTAR PRADESH",687649
"JUGAL KISHORE","Bharatiya Janata Party",JAMMU,"JAMMU & KASHMIR",687588
"HARIBHAI PATEL","Bharatiya Janata Party",MAHESANA,GUJARAT,686406
"KANHAIYA KUMAR","Indian National Congress","NORTH-EAST DELHI",DELHI,685673
"GOVIND MAKTHAPPA KARJOL","Bharatiya Janata Party",CHITRADURGA,KARNATAKA,684890
"PORLAL BATHA KHARTE","Indian National Congress",KHARGONE,"MADHYA PRADESH",684845
"BAJRANG MANOHAR SONWANE","Nationalist Congress Party – Sharadchandra Pawar",BEED,MAHARASHTRA,683950
"ABU TAHER KHAN","All India Trinamool Congress",MURSHIDABAD,"WEST BENGAL",682442
"PIYUSH GOYAL","Bharatiya Janata Party","MUMBAI NORTH",MAHARASHTRA,680146
"KHAN SAUMITRA","Bharatiya Janata Party",BISHNUPUR,"WEST BENGAL",680130
"NIRMAL CHANDRA ROY","All India Trinamool Congress",JALPAIGURI,"WEST BENGAL",679875
"RAJU BISTA","Bharatiya Janata Party",DARJEELING,"WEST BENGAL",679331
"KAMLESH JANGDE","Bharatiya Janata Party",JANJGIR-CHAMPA,CHHATTISGARH,678199
"PANKAJA GOPINATHRAO MUNDE","Bharatiya Janata Party",BEED,MAHARASHTRA,677397
"SHOBHANABEN MAHENDRASINH BARAIYA","Bharatiya Janata Party",SABARKANTHA,GUJARAT,677318
"AGNIMITRA PAUL","Bharatiya Janata Party",MEDINIPUR,"WEST BENGAL",675001
"SUJATA MONDAL","All India Trinamool Congress",BISHNUPUR,"WEST BENGAL",674563
"SMITA UDAY WAGH","Bharatiya Janata Party",JALGAON,MAHARASHTRA,674428
"KALYAN BANERJEE","All India Trinamool Congress",SRERAMPUR,"WEST BENGAL",673970
"SHREYAS. M. PATEL","Indian National Congress",HASSAN,KARNATAKA,672988
"RAMESH JIGAJINAGI","Bharatiya Janata Party",BIJAPUR,KARNATAKA,672781
"GENIBEN NAGAJI THAKOR","Indian National Congress",BANASKANTHA,GUJARAT,671883
"BHARAT SINGH KUSHWAH","Bharatiya Janata Party",GWALIOR,"MADHYA PRADESH",671535
"GADDIGOUDAR. PARVATAGOUDA. CHANDANAGOUDA.","Bharatiya Janata Party",BAGALKOT,KARNATAKA,671039
"G. KUMAR NAIK.","Indian National Congress",RAICHUR,KARNATAKA,670966
"SACHITHANANTHAM R","Communist Party of India  (Marxist)",DINDIGUL,"TAMIL NADU",670149
"CHANDUBHAI CHHAGANBHAI SHIHORA","Bharatiya Janata Party",SURENDRANAGAR,GUJARAT,669749
"R.K. CHAUDHARY","Samajwadi Party",MOHANLALGANJ,"UTTAR PRADESH",667869
"BHUPESH BAGHEL","Indian National Congress",RAJNANDGAON,CHHATTISGARH,667646
"SAGAR ESHWAR KHANDRE","Indian National Congress",BIDAR,KARNATAKA,666317
"HARSH MALHOTRA","Bharatiya Janata Party","EAST DELHI",DELHI,664819
"SANJAY SETH","Bharatiya Janata Party",RANCHI,JHARKHAND,664732
"VARUN CHAUDHRY","Indian National Congress",AMBALA,HARYANA,663657
"K. RAJASHEKAR BASAVARAJ HITNAL","Indian National Congress",KOPPAL,KARNATAKA,663511
"PRADAN BARUAH","Bharatiya Janata Party",LAKHIMPUR,ASSAM,663122
"ANANDSWAMY GADDADEVARMATH","Indian National Congress",HAVERI,KARNATAKA,662025
"ASADUDDIN OWAISI","All India Majlis-E-Ittehadul Muslimeen",HYDERABAD,TELANGANA,661981
"CHAVDA VINOD LAKHAMSHI","Bharatiya Janata Party",KACHCHH,GUJARAT,659574
AMRARAM,"Communist Party of India  (Marxist)",SIKAR,RAJASTHAN,659300
"M.S. RAKSHA RAMAIAH","Indian National Congress",CHIKKBALLAPUR,KARNATAKA,659159
"P C MOHAN","Bharatiya Janata Party","BANGALORE CENTRAL",KARNATAKA,658915
"BASTIPATI NAGARAJU PANCHALINGALA","Telugu Desam",KURNOOLU,"ANDHRA PRADESH",658914
"M. LAKSHMANA","Indian National Congress",MYSORE,KARNATAKA,656241
"DEVENDRA JHAJHARIA","Bharatiya Janata Party",CHURU,RAJASTHAN,655474
"DR. HIRANMOY CHATTOPADHYAYA","Bharatiya Janata Party",GHATAL,"WEST BENGAL",655122
"NITIN JAIRAM GADKARI","Bharatiya Janata Party",NAGPUR,MAHARASHTRA,655027
"MANISH JAISWAL","Bharatiya Janata Party",HAZARIBAGH,JHARKHAND,654613
"TRIVENDRA SINGH RAWAT","Bharatiya Janata Party",HARIDWAR,UTTARAKHAND,653808
"PARIMAL SUKLABAIDYA","Bharatiya Janata Party",SILCHAR,ASSAM,652405
RADHAKRISHNA,"Indian National Congress",GULBARGA,KARNATAKA,652321
"DR CHEVIREDDY BHASKAR REDD","Yuvajana Sramika Rythu Congress Party",ONGOLE,"ANDHRA PRADESH",651695
"GIRIRAJ SINGH","Bharatiya Janata Party",BEGUSARAI,BIHAR,649331
"SHASHI SINGH KORAM","Indian National Congress",SURGUJA,CHHATTISGARH,648378
"ANIL KUMAR POLUBOINA","Yuvajana Sramika Rythu Congress Party",NARSARAOPET,"ANDHRA PRADESH",648267
"ROSELINA TIRKEY","Indian National Congress",KAZIRANGA,ASSAM,648096
"OMKAR SINGH MARKAM","Indian National Congress",MANDLA,"MADHYA PRADESH",647529
"RAHUL GANDHI","Indian National Congress",WAYANAD,KERALA,647445
"MURARI LAL MEENA","Indian National Congress",DAUSA,RAJASTHAN,646266
"BISWAJIT DAS S/O LATE BIJAY KRISHNA DAS","All India Trinamool Congress",BANGAON,"WEST BENGAL",645812
"P V MIDHUN REDDY","Yuvajana Sramika Rythu Congress Party",RAJAMPET,"ANDHRA PRADESH",644844
"BUNTY VIVEK SAHU","Bharatiya Janata Party",CHHINDWARA,"MADHYA PRADESH",644738
"E.T.  MOHAMMED BASHEER","Indian Union Muslim League",MALAPPURAM,KERALA,644006
"MIRA BORTHAKUR GOSWAMI","Indian National Congress",GUWAHATI,ASSAM,643797
"MAHABAL MISHRA","Aam Aadmi Party","WEST DELHI",DELHI,643645
"AKHILESH YADAV","Samajwadi Party",KANNAUJ,"UTTAR PRADESH",642292
"ARUP CHAKRABORTY","All India Trinamool Congress",BANKURA,"WEST BENGAL",641813
"DR. REKHABEN HITESHBHAI CHAUDHARI","Bharatiya Janata Party",BANASKANTHA,GUJARAT,641477
"DINESH CHANDRA YADAV","Janata Dal  (United)",MADHEPURA,BIHAR,640649
"PRIYANKA BALAN MEGHWAL","Bharatiya Janata Party",GANGANAGAR,RAJASTHAN,638339
"DEEP BAYAN","Indian National Congress",BARPETA,ASSAM,637762
"RUCHI VIRA","Samajwadi Party",MORADABAD,"UTTAR PRADESH",637363
"DR GADDAM RANJITH REDDY","Indian National Congress",CHEVELLA,TELANGANA,636985
B.N.CHANDRAPPA,"Indian National Congress",CHITRADURGA,KARNATAKA,636769
"DR. MANSUKH MANDAVIYA","Bharatiya Janata Party",PORBANDAR,GUJARAT,633118
"DR. PRABHA MALLIKARJUN","Indian National Congress",DAVANAGERE,KARNATAKA,633059
"DR RAJEEV BHARDWAJ","Bharatiya Janata Party",KANGRA,"HIMACHAL PRADESH",632793
"GURUMOORTHY MADDILA","Yuvajana Sramika Rythu Congress Party",THIRUPATHI,"ANDHRA PRADESH",632228
"BHUPENDER YADAV","Bharatiya Janata Party",ALWAR,RAJASTHAN,631992
"B. SREERAMULU","Bharatiya Janata Party",BELLARY,KARNATAKA,631853
"KHADSE RAKSHA NIKHIL","Bharatiya Janata Party",RAVER,MAHARASHTRA,630879
"PRAJWAL REVANNA","Janata Dal  (Secular)",HASSAN,KARNATAKA,630339
"SAMBIT PATRA","Bharatiya Janata Party",PURI,ODISHA,629330
"CHAMALA KIRAN KUMAR REDDY","Indian National Congress",BHONGIR,TELANGANA,629143
"MAHUA MOITRA","All India Trinamool Congress",KRISHNANAGAR,"WEST BENGAL",628789
"PRASUN BANERJEE","All India Trinamool Congress",HOWRAH,"WEST BENGAL",626493
"MANSOOR ALI KHAN","Indian National Congress","BANGALORE CENTRAL",KARNATAKA,626208
"LOCKET CHATTERJEE","Bharatiya Janata Party",HOOGHLY,"WEST BENGAL",625891
"DR. UMESH G JADHAV","Bharatiya Janata Party",GULBARGA,KARNATAKA,625116
"NILESH DNYANDEV LANKE","Nationalist Congress Party – Sharadchandra Pawar",AHMEDNAGAR,MAHARASHTRA,624797
"HARISH CHANDRA MEENA","Indian National Congress","TONK-SAWAI MADHOPUR",RAJASTHAN,623763
"ANNASAHEB SHANKAR JOLLE","Bharatiya Janata Party",CHIKKODI,KARNATAKA,622627
"MOHITE-PATIL DHAIRYASHEEL RAJSINH","Nationalist Congress Party – Sharadchandra Pawar",MADHA,MAHARASHTRA,622213
"PRANITI SUSHILKUMAR SHINDE","Indian National Congress",SOLAPUR,MAHARASHTRA,620225
"K V GOWTHAM","Indian National Congress",KOLAR,KARNATAKA,620093
"POONAMBEN HEMATBHAI MAADAM","Bharatiya Janata Party",JAMNAGAR,GUJARAT,620049
"PRAKASH CHIK BARAIK","All India Trinamool Congress",ALIPURDUARS,"WEST BENGAL",619867
"RAJ BHUSHAN CHOUDHARY","Bharatiya Janata Party",MUZAFFARPUR,BIHAR,619749
"VINOD ASOOTI","Indian National Congress",DHARWAD,KARNATAKA,618907
"DR. SHIVKUMAR DAHARIYA","Indian National Congress",JANJGIR-CHAMPA,CHHATTISGARH,618199
"RAO RAJENDRA SINGH","Bharatiya Janata Party","JAIPUR RURAL",RAJASTHAN,617877
"DR. KIRSAN  NAMDEO","Indian National Congress",GADCHIROLI,MAHARASHTRA,617792
"SANGEETA KUMARI SINGH DEO","Bharatiya Janata Party",BOLANGIR,ODISHA,617744
"VARA PRASAD RAO VELAGAPALLI","Bharatiya Janata Party",THIRUPATHI,"ANDHRA PRADESH",617659
"DR . BASAVARAJ. K. SHARANAPPA","Bharatiya Janata Party",KOPPAL,KARNATAKA,617154
"RAJABHAU (PARAG) PRAKASH WAJE","Shiv Sena (Uddhav Balasaheb Thackrey)",NASHIK,MAHARASHTRA,616729
"ANIL CHOPRA","Indian National Congress","JAIPUR RURAL",RAJASTHAN,616262
"SWAMI SACHCHIDANAND HARI SAKSHI","Bharatiya Janata Party",UNNAO,"UTTAR PRADESH",616133
"CHIRAG PASWAN","Lok Janshakti Party(Ram Vilas)",HAJIPUR,BIHAR,615718
"BAIJAYANT PANDA","Bharatiya Janata Party",KENDRAPARA,ODISHA,615705
"MAHENDER PRATAP SINGH","Indian National Congress",FARIDABAD,HARYANA,615655
"MALA ROY","All India Trinamool Congress","KOLKATA DAKSHIN","WEST BENGAL",615274
PADMARAJ.R.POOJARY,"Indian National Congress","DAKSHINA KANNADA",KARNATAKA,614924
"BANTO KATARIA","Bharatiya Janata Party",AMBALA,HARYANA,614621
"KARAN SINGH UCHIYARDA","Indian National Congress",JODHPUR,RAJASTHAN,614379
"VIJAY KUMAR HANSDAK","Jharkhand Mukti Morcha",RAJMAHAL,JHARKHAND,613371
"MISHA BHARTI","Rashtriya Janata Dal",PATLIPUTRA,BIHAR,613283
"Shyamkumar (Babalu) Daulat Barve","Indian National Congress",RAMTEK,MAHARASHTRA,613025
"NARENDRA MODI","Bharatiya Janata Party",VARANASI,"UTTAR PRADESH",612970
"BALRAM NAIK PORIKA","Indian National Congress",MAHABUBABAD,TELANGANA,612774
"RAJ NATH SINGH","Bharatiya Janata Party",LUCKNOW,"UTTAR PRADESH",612709
"DIGVIJAYA SINGH","Indian National Congress",RAJGARH,"MADHYA PRADESH",612654
"MITESH PATEL (BAKABHAI)","Bharatiya Janata Party",ANAND,GUJARAT,612484
"DINESHBHAI MAKWANA (ADVOCATE)","Bharatiya Janata Party","AHMEDABAD WEST",GUJARAT,611704
"DR. SUBHAS SARKAR","Bharatiya Janata Party",BANKURA,"WEST BENGAL",609035
"DR. KALGE SHIVAJI BANDAPPA","Indian National Congress",LATUR,MAHARASHTRA,609021
"MANSUKHBHAI DHANJIBHAI VASAVA","Bharatiya Janata Party",BHARUCH,GUJARAT,608157
"KALYAN VAIJINATHRAO KALE","Indian National Congress",JALNA,MAHARASHTRA,607897
"TOPON KUMAR GOGOI","Bharatiya Janata Party",JORHAT,ASSAM,607378
"JITIN PRASADA","Bharatiya Janata Party",PILIBHIT,"UTTAR PRADESH",607158
"ANURAG SINGH THAKUR","Bharatiya Janata Party",HAMIRPUR,"HIMACHAL PRADESH",607068
"GAYITHRI SIDDESHWARA","Bharatiya Janata Party",DAVANAGERE,KARNATAKA,606965
"SHATRUGHAN PRASAD SINHA","All India Trinamool Congress",ASANSOL,"WEST BENGAL",605645
"Y. S. AVINASH REDDY","Yuvajana Sramika Rythu Congress Party",KADAPA,"ANDHRA PRADESH",605143
"ARUN NEHRU","Dravida Munnetra Kazhagam",PERAMBALUR,"TAMIL NADU",603209
"SAMYUKTA SHIVANAND PATIL","Indian National Congress",BAGALKOT,KARNATAKA,602640
"JADHAV SANJAY ( BANDU ) HARIBHAU","Shiv Sena (Uddhav Balasaheb Thackrey)",PARBHANI,MAHARASHTRA,601343
"PRAVEEN PATHAK","Indian National Congress",GWALIOR,"MADHYA PRADESH",601325
"DR. HEMANT VISHNU SAVARA","Bharatiya Janata Party",PALGHAR,MAHARASHTRA,601244
"PRADEEP KUMAR SINGH","Bharatiya Janata Party",ARARIA,BIHAR,600146
"PATNAM SUNEETHA MAHENDER REDDY","Indian National Congress",MALKAJGIRI,TELANGANA,599567
"SANJAY SADASHIVRAO MANDLIK","Shiv Sena",KOLHAPUR,MAHARASHTRA,599558
"PROF S P SINGH BAGHEL","Bharatiya Janata Party",AGRA,"UTTAR PRADESH",599397
"RUDRA NARAYAN PANY","Bharatiya Janata Party",DHENKANAL,ODISHA,598721
"DIMPLE YADAV","Samajwadi Party",MAINPURI,"UTTAR PRADESH",598526
"BHOJRAJ NAG","Bharatiya Janata Party",KANKER,CHHATTISGARH,597624
"KAUSHAL KISHORE","Bharatiya Janata Party",MOHANLALGANJ,"UTTAR PRADESH",597577
"DR BHOLA SINGH","Bharatiya Janata Party",BULANDSHAHR,"UTTAR PRADESH",597310
"HANUMAN BENIWAL","Rashtriya Loktantrik Party",NAGAUR,RAJASTHAN,596955
"SANJOG BHIKU WAGHERE PATIL","Shiv Sena (Uddhav Balasaheb Thackrey)",MAVAL,MAHARASHTRA,596217
"DR. SUJAY RADHAKRISHNA VIKHEPATIL","Bharatiya Janata Party",AHMEDNAGAR,MAHARASHTRA,595868
"BIRESH THAKUR","Indian National Congress",KANKER,CHHATTISGARH,595740
"RAJU ALAGUR.","Indian National Congress",BIJAPUR,KARNATAKA,595552
"MUKUT MANI ADHIKARI","All India Trinamool Congress",RANAGHAT,"WEST BENGAL",595497
"VAIBHAV GEHLOT","Indian National Congress",JALORE,RAJASTHAN,595240
"DILESHWAR KAMAIT","Janata Dal  (United)",SUPAUL,BIHAR,595038
"SANJAY UTTAMRAO DESHMUKH","Shiv Sena (Uddhav Balasaheb Thackrey)","YAVATMAL- WASHIM",MAHARASHTRA,594807
"J SHANTHA","Yuvajana Sramika Rythu Congress Party",HINDUPUR,"ANDHRA PRADESH",593107
"ARUN KUMAR SAGAR","Bharatiya Janata Party",SHAHJAHANPUR,"UTTAR PRADESH",592718
"NARENDRA PATEL","Indian National Congress",KHANDWA,"MADHYA PRADESH",592708
"ARVIND DHARMAPURI","Bharatiya Janata Party",NIZAMABAD,TELANGANA,592318
"DHARMENDRA PRADHAN","Bharatiya Janata Party",SAMBALPUR,ODISHA,592162
"DABHI  BHARATSINHJI  SHANKARJI","Bharatiya Janata Party",PATAN,GUJARAT,591947
"PRADEEP YADAV","Indian National Congress",GODDA,JHARKHAND,591327
"PANKAJ CHAUDHARY","Bharatiya Janata Party",MAHARAJGANJ,"UTTAR PRADESH",591310
"RAJA AMARESHWARA NAIK.","Bharatiya Janata Party",RAICHUR,KARNATAKA,591185
"DR SHRIKANT EKNATH SHINDE","Shiv Sena",KALYAN,MAHARASHTRA,589636
"POCHA BRAHMANANDA REDDY","Yuvajana Sramika Rythu Congress Party",NANDYAL,"ANDHRA PRADESH",589156
"BIBHU PRASAD TARAI","Bharatiya Janata Party",JAGATSINGHPUR,ODISHA,589093
"DHARAMBIR SINGH","Bharatiya Janata Party",BHIWANI-MAHENDRAGARH,HARYANA,588664
"KANTILAL BHURIA","Indian National Congress",RATLAM,"MADHYA PRADESH",588631
"RAVI SHANKAR PRASAD","Bharatiya Janata Party","PATNA SAHIB",BIHAR,588270
"PRADEEP JAIN ADITYA","Indian National Congress",JHANSI,"UTTAR PRADESH",587702
"DR. PRASHANT YADAORAO PADOLE","Indian National Congress","BHANDARA GONDIYA",MAHARASHTRA,587413
"DR HEENA VIJAYKUMAR GAVIT","Bharatiya Janata Party",NANDURBAR,MAHARASHTRA,586878
"RAVINDRA SINGH BHATI",Independent,BARMER,RAJASTHAN,586500
"SUMEDHANAND SARASWATI","Bharatiya Janata Party",SIKAR,RAJASTHAN,586404
"SELVAM. G","Dravida Munnetra Kazhagam",KANCHEEPURAM,"TAMIL NADU",586044
"NABA CHARAN MAJHI","Bharatiya Janata Party",MAYURBHANJ,ODISHA,585971
"RAVINDRA SHUKLA ALIAS RAVI KISHAN","Bharatiya Janata Party",GORAKHPUR,"UTTAR PRADESH",585834
"BANDI SANJAY KUMAR","Bharatiya Janata Party",KARIMNAGAR,TELANGANA,585116
"MURLIDHAR MOHOL","Bharatiya Janata Party",PUNE,MAHARASHTRA,584728
"CHUDASAMA RAJESHBHAI NARANBHAI","Bharatiya Janata Party",JUNAGADH,GUJARAT,584049
"BACHHAV SHOBHA DINESH","Indian National Congress",DHULE,MAHARASHTRA,583866
"LALIT YADAV","Indian National Congress",ALWAR,RAJASTHAN,583710
"MRINAL R HEBBALKAR","Indian National Congress",BELGAUM,KARNATAKA,583592
"DR. RAJESH MISHRA","Bharatiya Janata Party",SIDHI,"MADHYA PRADESH",583559
"DILIP GHOSH","Bharatiya Janata Party",BARDHAMAN-DURGAPUR,"WEST BENGAL",582686
"KADIYAM KAVYA","Indian National Congress",WARANGAL,TELANGANA,581294
"BHARATBHAI MANUBHAI SUTARIYA","Bharatiya Janata Party",AMRELI,GUJARAT,580872
"DR.SANJAY JAISWAL","Bharatiya Janata Party","PASCHIM CHAMPARAN",BIHAR,580421
"ANNU TANDON","Samajwadi Party",UNNAO,"UTTAR PRADESH",580315
SHAHNAWAZ,"Rashtriya Janata Dal",ARARIA,BIHAR,580052
"BHAMRE SUBHASH RAMRAO","Bharatiya Janata Party",DHULE,MAHARASHTRA,580035
"SANJNA JATAV","Indian National Congress",BHARATPUR,RAJASTHAN,579890
SHAMBHAVI,"Lok Janshakti Party(Ram Vilas)",SAMASTIPUR,BIHAR,579786
"MALAGUNDLA SANKAR NARAYANA","Yuvajana Sramika Rythu Congress Party",ANANTHAPUR,"ANDHRA PRADESH",579690
"JYOTIRMAY SINGH MAHATO","Bharatiya Janata Party",PURULIA,"WEST BENGAL",578489
"SWAPAN MAJUMDER","Bharatiya Janata Party",BARASAT,"WEST BENGAL",577821
"BHASKAR MURLIDHAR BHAGARE","Nationalist Congress Party – Sharadchandra Pawar",DINDORI,MAHARASHTRA,577339
"SURESH BORAH","Bharatiya Janata Party",NAGAON,ASSAM,576619
"RADHESHYAM MUVEL","Indian National Congress",DHAR,"MADHYA PRADESH",575784
"UDIT RAJ","Indian National Congress","NORTH-WEST DELHI",DELHI,575634
"SUKANTA MAJUMDAR","Bharatiya Janata Party",BALURGHAT,"WEST BENGAL",574996
"KALI CHARAN SINGH","Bharatiya Janata Party",CHATRA,JHARKHAND,574556
"SUNETRA AJITDADA PAWAR","Nationalist Congress Party",BARAMATI,MAHARASHTRA,573979
"ANANTA NAYAK","Bharatiya Janata Party",KEONJHAR,ODISHA,573923
"MAHENDRAJEETSINGH MALVIYA","Bharatiya Janata Party",BANSWARA,RAJASTHAN,573777
"AVIMANYU SETHI","Bharatiya Janata Party",BHADRAK,ODISHA,573319
"ISHA KHAN CHOUDHURY","Indian National Congress","MALDAHA DAKSHIN","WEST BENGAL",572395
"AMRITA ROY","Bharatiya Janata Party",KRISHNANAGAR,"WEST BENGAL",572084
"VISHAL (DADA) PRAKASHBAPU PATIL",Independent,SANGLI,MAHARASHTRA,571666
"THANGA TAMILSELVAN","Dravida Munnetra Kazhagam",THENI,"TAMIL NADU",571493
"KARAN BHUSHAN SINGH","Bharatiya Janata Party",KAISERGANJ,"UTTAR PRADESH",571263
"ZIA UR REHMAN","Samajwadi Party",SAMBHAL,"UTTAR PRADESH",571161
"KULDEEP KUMAR (MONU)","Aam Aadmi Party","EAST DELHI",DELHI,571156
"SHRIMANT CHH UDAYANRAJE PRATAPSINHAMAHARAJ BHONSLE","Bharatiya Janata Party",SATARA,MAHARASHTRA,571134
"DR. RICKY ANDREW J. SYNGKON","Voice of the People Party",SHILLONG,MEGHALAYA,571078
"DR JITENDRA SINGH","Bharatiya Janata Party",UDHAMPUR,"JAMMU & KASHMIR",571076
"JAI PARKASH (J P) S/O HARIKESH","Indian National Congress",HISAR,HARYANA,570424
"JYOTSNA CHARANDAS MAHANT","Indian National Congress",KORBA,CHHATTISGARH,570182
"DR. PRANAT TUDU","Bharatiya Janata Party",JHARGRAM,"WEST BENGAL",569430
"NALLARI KIRAN KUMAR REDDY","Bharatiya Janata Party",RAJAMPET,"ANDHRA PRADESH",568773
"DM KATHIR ANAND","Dravida Munnetra Kazhagam",VELLORE,"TAMIL NADU",568692
"SAHI RAM","Aam Aadmi Party","SOUTH DELHI",DELHI,568499
"GANAPATHY RAJKUMAR P","Dravida Munnetra Kazhagam",COIMBATORE,"TAMIL NADU",568200
"GODAM NAGESH","Bharatiya Janata Party",ADILABAD,TELANGANA,568168
"DR. MENKA DEVI SINGH","Indian National Congress",RAIGARH,CHHATTISGARH,567884
"ABDHESH KUMAR ROY","Communist Party of India",BEGUSARAI,BIHAR,567851
"RAJESH RANJAN ALIAS PAPPU YADAV",Independent,PURNIA,BIHAR,567556
"VENKATARAMANE GOWDA (STAR CHANDRU)","Indian National Congress",MANDYA,KARNATAKA,567261
"CHHATRA PAL SINGH GANGWAR","Bharatiya Janata Party",BAREILLY,"UTTAR PRADESH",567127
"TARIQ ANWAR","Indian National Congress",KATIHAR,BIHAR,567092
"VEENA DEVI","Lok Janshakti Party(Ram Vilas)",VAISHALI,BIHAR,567043
"ARJUN RAM MEGHWAL","Bharatiya Janata Party",BIKANER,RAJASTHAN,566737
"GOPAL JEE THAKUR","Bharatiya Janata Party",DARBHANGA,BIHAR,566630
"SELVAGANAPATHI T M","Dravida Munnetra Kazhagam",SALEM,"TAMIL NADU",566085
"BIPLAB MITRA","All India Trinamool Congress",BALURGHAT,"WEST BENGAL",564610
"KARUMURI SUNIL KUMAR","Yuvajana Sramika Rythu Congress Party",ELURU,"ANDHRA PRADESH",564494
"PRATAP CHANDRA SARANGI","Bharatiya Janata Party",BALASORE,ODISHA,563865
"S JAGATHRATCHAKAN","Dravida Munnetra Kazhagam",ARAKKONAM,"TAMIL NADU",563216
BALARAJ.S,"Bharatiya Janata Party",CHAMARAJANAGAR,KARNATAKA,562965
"DR. M.P ABDUSSAMAD SAMADANI","Indian Union Muslim League",PONNANI,KERALA,562516
"K E PRAKASH","Dravida Munnetra Kazhagam",ERODE,"TAMIL NADU",562339
"MALAIYARASAN D","Dravida Munnetra Kazhagam",KALLAKURICHI,"TAMIL NADU",561589
"SHANTIRAM MAHATO","All India Trinamool Congress",PURULIA,"WEST BENGAL",561410
"KARTICK CHANDRA PAUL","Bharatiya Janata Party",RAIGANJ,"WEST BENGAL",560897
"DEVENDRA YADAV","Indian National Congress",BILASPUR,CHHATTISGARH,560379
"CHANDANJI TALAJI THAKOR","Indian National Congress",PATAN,GUJARAT,560071
"ASIM KUMAR SARKAR","Bharatiya Janata Party","BARDHAMAN PURBA","WEST BENGAL",559730
"KAUSHALENDRA KUMAR","Janata Dal  (United)",NALANDA,BIHAR,559422
"SUKHBIR SINGH JAUNAPURIA","Bharatiya Janata Party","TONK-SAWAI MADHOPUR",RAJASTHAN,558814
"TAMRADHWAJ SAHU","Indian National Congress",MAHASAMUND,CHHATTISGARH,558203
"ADHALRAO SHIVAJI DATTATREY","Nationalist Congress Party",SHIRUR,MAHARASHTRA,557741
"REDDEPPA.N .","Yuvajana Sramika Rythu Congress Party",CHITTOOR,"ANDHRA PRADESH",557592
"SHAFI PARAMBIL","Indian National Congress",VADAKARA,KERALA,557528
"UTKARSH VERMA  MADHUR","Samajwadi Party",KHERI,"UTTAR PRADESH",557365
"VIRENDRA CHAUDHARY","Indian National Congress",MAHARAJGANJ,"UTTAR PRADESH",555859
"PRATAP SINGH KHACHARIYAWAS","Indian National Congress",JAIPUR,RAJASTHAN,555083
"ANOOP PRADHAN BALMIKI","Bharatiya Janata Party",HATHRAS,"UTTAR PRADESH",554746
"JYOTI MIRDHA","Bharatiya Janata Party",NAGAUR,RAJASTHAN,554730
"ASHOK PURKAIT","Bharatiya Janata Party",MATHURAPUR,"WEST BENGAL",554674
"AWADHESH PRASAD","Samajwadi Party",FAIZABAD,"UTTAR PRADESH",554289
"ANANTKUMAR HASMUKHBHAI PATEL","Indian National Congress",VALSAD,GUJARAT,553522
"ASHOK KUMAR YADAV","Bharatiya Janata Party",MADHUBANI,BIHAR,553428
"BRIJENDRA SINGH OLA","Indian National Congress",JHUNJHUNU,RAJASTHAN,553168
"RAMAN BHALLA","Indian National Congress",JAMMU,"JAMMU & KASHMIR",552090
"RAJIV RANJAN SINGH ALIAS LALAN SINGH","Janata Dal  (United)",MUNGER,BIHAR,550146
"SUNIL BABURAO MENDHE","Bharatiya Janata Party","BHANDARA GONDIYA",MAHARASHTRA,550033
"ANSHUMAN MOHANTY","Biju Janata Dal",KENDRAPARA,ODISHA,549169
"SATPAL BRAHAMCHARI","Indian National Congress",SONIPAT,HARYANA,548682
"DR. RAJASHREE MALLICK","Biju Janata Dal",JAGATSINGHPUR,ODISHA,548397
"IMRAN MASOOD","Indian National Congress",SAHARANPUR,"UTTAR PRADESH",547967
"B Y RAMAIAH","Yuvajana Sramika Rythu Congress Party",KURNOOLU,"ANDHRA PRADESH",547616
"ANNADURAI C.N.","Dravida Munnetra Kazhagam",TIRUVANNAMALAI,"TAMIL NADU",547379
"NALIN SOREN","Jharkhand Mukti Morcha",DUMKA,JHARKHAND,547370
"RAO DAN SINGH","Indian National Congress",BHIWANI-MAHENDRAGARH,HARYANA,547154
"SUDHAKAR TUKARAM SHRANGARE","Bharatiya Janata Party",LATUR,MAHARASHTRA,547140
"ARUN GOVIL","Bharatiya Janata Party",MEERUT,"UTTAR PRADESH",546469
"VIJAYAKUMAR (Alias) VIJAY VASANTH","Indian National Congress",KANNIYAKUMARI,"TAMIL NADU",546248
"SURENDRAJEET SINGH AHLUWALIA","Bharatiya Janata Party",ASANSOL,"WEST BENGAL",546081
"RAM VITTHAL SATPUTE","Bharatiya Janata Party",SOLAPUR,MAHARASHTRA,546028
"S.P. MUDDAHANUMEGOWDA","Indian National Congress",TUMKUR,KARNATAKA,545352
"KRIPANATH MALLAH","Bharatiya Janata Party",KARIMGANJ,ASSAM,545093
"LALJI VERMA","Samajwadi Party","AMBEDKAR NAGAR","UTTAR PRADESH",544959
"KHALILUR RAHAMAN","All India Trinamool Congress",JANGIPUR,"WEST BENGAL",544427
"MALVIKA DEVI","Bharatiya Janata Party",KALAHANDI,ODISHA,544303
"YASHASWINI SAHAY","Indian National Congress",RANCHI,JHARKHAND,544220
"SANTOSH KUMAR","Janata Dal  (United)",PURNIA,BIHAR,543709
"AKSHAYA YADAV","Samajwadi Party",FIROZABAD,"UTTAR PRADESH",543037
"CHADIPIRALLA BHUPESH SUBBARAMI REDDY","Telugu Desam",KADAPA,"ANDHRA PRADESH",542448
"DURAI VAIKO","Marumalarchi Dravida Munnetra Kazhagam",TIRUCHIRAPPALLI,"TAMIL NADU",542213
"RADHA MOHAN SINGH","Bharatiya Janata Party","PURVI CHAMPARAN",BIHAR,542193
"NAVEEN JINDAL","Bharatiya Janata Party",KURUKSHETRA,HARYANA,542175
"KANIMOZHI KARUNANIDHI","Dravida Munnetra Kazhagam",THOOTHUKKUDI,"TAMIL NADU",540729
"AFZAL ANSARI","Samajwadi Party",GHAZIPUR,"UTTAR PRADESH",539912
"MADHAB RAJBANGSHI","Indian National Congress",DARRANG-UDALGURI,ASSAM,539375
"KISHORI LAL","Indian National Congress",AMETHI,"UTTAR PRADESH",539228
"RAJESH VERMA","Lok Janshakti Party(Ram Vilas)",KHAGARIA,BIHAR,538657
"SHASHIKANT JAYVANTRAO SHINDE","Nationalist Congress Party – Sharadchandra Pawar",SATARA,MAHARASHTRA,538363
"SAMRAT ASHOK SINGH SARASWAR","Indian National Congress",BALAGHAT,"MADHYA PRADESH",538148
"BHAGWANTH KHUBA","Bharatiya Janata Party",BIDAR,KARNATAKA,537442
"JYOTSNA GOND","Samajwadi Party",SHAHJAHANPUR,"UTTAR PRADESH",537339
"SANDHYA RAY","Bharatiya Janata Party",BHIND,"MADHYA PRADESH",537065
"KANGNA RANAUT","Bharatiya Janata Party",MANDI,"HIMACHAL PRADESH",537022
"RAJU DEONATH PARVE","Shiv Sena",RAMTEK,MAHARASHTRA,536257
"AJAY KUMAR MANDAL","Janata Dal  (United)",BHAGALPUR,BIHAR,536031
"SUNITA VERMA","Samajwadi Party",MEERUT,"UTTAR PRADESH",535884
"GEETHA SHIVARAJKUMAR","Indian National Congress",SHIMOGA,KARNATAKA,535006
"SHUBHKARAN CHOUDHARY","Bharatiya Janata Party",JHUNJHUNU,RAJASTHAN,534933
"JOTHIMANI. S","Indian National Congress",KARUR,"TAMIL NADU",534906
"RABINDRA NARAYAN BEHERA","Bharatiya Janata Party",JAJPUR,ODISHA,534239
"CHAUDHARY SIDDHARTH AMARSINH","Indian National Congress",BARDOLI,GUJARAT,533697
"ESWARASAMY K","Dravida Munnetra Kazhagam",POLLACHI,"TAMIL NADU",533377
"AMAR SHARADRAO KALE","Nationalist Congress Party – Sharadchandra Pawar",WARDHA,MAHARASHTRA,533106
"RAMPRIT MANDAL","Janata Dal  (United)",JHANJHARPUR,BIHAR,533032
"SARMISTHA SETHI","Biju Janata Dal",JAJPUR,ODISHA,532652
"PRAVEEN SINGH ARON","Samajwadi Party",BAREILLY,"UTTAR PRADESH",532323
"KUNWAR SARVESH KUMAR","Bharatiya Janata Party",MORADABAD,"UTTAR PRADESH",531601
"BHARTRUHARI MAHTAB","Bharatiya Janata Party",CUTTACK,ODISHA,531601
"RAKESH RATHOR","Indian National Congress",SITAPUR,"UTTAR PRADESH",531138
"NAKUL KAMALNATH","Indian National Congress",CHHINDWARA,"MADHYA PRADESH",531120
"NARAYAN DAS AHIRWAR","Samajwadi Party",JALAUN,"UTTAR PRADESH",530180
"BHAJAN LAL JATAV","Indian National Congress",KARAULI-DHOLPUR,RAJASTHAN,530011
"JANARDAN SINGH SIGRIWAL","Bharatiya Janata Party",MAHARAJGANJ,BIHAR,529533
"SUDAMA PRASAD","Communist Party of India  (Marxist-Leninist)  (Liberation)",ARRAH,BIHAR,529382
"CHAVAN VASANTRAO BALWANTRAO","Indian National Congress",NANDED,MAHARASHTRA,528894
"SOUGATA RAY","All India Trinamool Congress","DUM DUM","WEST BENGAL",528579
"SURESH KUMAR SHETKAR","Indian National Congress",ZAHIRABAD,TELANGANA,528418
"PIYA SAHA","Bharatiya Janata Party",BOLPUR,"WEST BENGAL",528380
"RAM KRIPAL YADAV","Bharatiya Janata Party",PATLIPUTRA,BIHAR,528109
"IQRA CHOUDHARY","Samajwadi Party",KAIRANA,"UTTAR PRADESH",528013
"RAMSWAROOP KOLI","Bharatiya Janata Party",BHARATPUR,RAJASTHAN,527907
"KHAGEN MURMU","Bharatiya Janata Party","MALDAHA UTTAR","WEST BENGAL",527023
"RAM PRASAD CHAUDHARY","Samajwadi Party",BASTI,"UTTAR PRADESH",527005
"SAROJ PANDEY","Bharatiya Janata Party",KORBA,CHHATTISGARH,526899
"MOHAN LAL BADOLI","Bharatiya Janata Party",SONIPAT,HARYANA,526866
"HAFIZ RASHID AHMED CHOUDHURY","Indian National Congress",KARIMGANJ,ASSAM,526733
"BALWANT BASWANT WANKHADE","Indian National Congress",AMRAVATI,MAHARASHTRA,526271
"SITA MURMU","Bharatiya Janata Party",DUMKA,JHARKHAND,524843
"ARUP MOHAN PATNAIK","Biju Janata Dal",PURI,ODISHA,524621
"PATHAN YUSUF","All India Trinamool Congress",BAHARAMPUR,"WEST BENGAL",524516
"SUNIL KUMAR","Janata Dal  (United)","VALMIKI NAGAR",BIHAR,523422
"AJAY KUMAR","Bharatiya Janata Party",KHERI,"UTTAR PRADESH",523036
"AMIT CHAVDA","Indian National Congress",ANAND,GUJARAT,522545
"CHAITARBHAI DAMJIBHAI VASAVA","Aam Aadmi Party",BHARUCH,GUJARAT,522461
"ABINASH SAMAL","Biju Janata Dal",DHENKANAL,ODISHA,522154
"MIAN ALTAF AHMAD","Jammu & Kashmir National Conference",ANANTNAG-RAJOURI,"JAMMU & KASHMIR",521836
"CHAUDHARI TUSHAR AMARSINH","Indian National Congress",SABARKANTHA,GUJARAT,521636
"M. K. RAGHAVAN","Indian National Congress",KOZHIKODE,KERALA,520421
"DEBTANU BHATTACHARYA","Bharatiya Janata Party",BIRBHUM,"WEST BENGAL",520311
"VENUMBAKA VIJAYASAI REDDY","Yuvajana Sramika Rythu Congress Party",NELLORE,"ANDHRA PRADESH",520300
"KILARI VENKATA ROSAIAH","Yuvajana Sramika Rythu Congress Party",GUNTUR,"ANDHRA PRADESH",520253
"PARTHA BHOWMICK","All India Trinamool Congress",BARRACKPUR,"WEST BENGAL",520231
"DHAIRYASHEEL SAMBHAJIRAO MANE","Shiv Sena",HATKANANGALE,MAHARASHTRA,520190
"JOBA MAJHI","Jharkhand Mukti Morcha",SINGHBHUM,JHARKHAND,520164
"Suresh Kumar Kashyap","Bharatiya Janata Party",SHIMLA,"HIMACHAL PRADESH",519748
"ANAND KUMAR","Bharatiya Janata Party",BAHARAICH,"UTTAR PRADESH",518802
"K. SUDHAKARAN","Indian National Congress",KANNUR,KERALA,518524
"SUDHA R","Indian National Congress",MAYILADUTHURAI,"TAMIL NADU",518459
"RAJENDRA SAHU","Indian National Congress",DURG,CHHATTISGARH,518271
"MD SALIM","Communist Party of India  (Marxist)",MURSHIDABAD,"WEST BENGAL",518227
"VIKAS THAKRE","Indian National Congress",NAGPUR,MAHARASHTRA,517424
"DEVENDRA SINGH ALIAS BHOLE SINGH","Bharatiya Janata Party",AKBARPUR,"UTTAR PRADESH",517423
"DULAL CHANDRA GOSWAMI","Janata Dal  (United)",KATIHAR,BIHAR,517229
"RAJAN BABURAO VICHARE","Shiv Sena (Uddhav Balasaheb Thackrey)",THANE,MAHARASHTRA,517220
"DOLLY SHARMA","Indian National Congress",GHAZIABAD,"UTTAR PRADESH",517205
"T.SUMATHY (ALIAS) THAMIZHACHI THANGAPANDIAN","Dravida Munnetra Kazhagam","CHENNAI SOUTH","TAMIL NADU",516628
"PRAVEEN KHANDELWAL","Bharatiya Janata Party","CHANDNI CHOWK",DELHI,516496
"VIJAY KUMAR DUBAY","Bharatiya Janata Party","KUSHI NAGAR","UTTAR PRADESH",516345
"NITYANAND RAI","Bharatiya Janata Party",UJIARPUR,BIHAR,515965
"DEVESH CHANDRA THAKUR","Janata Dal  (United)",SITAMARHI,BIHAR,515719
"SHIVMANGAL SINGH TOMAR","Bharatiya Janata Party",MORENA,"MADHYA PRADESH",515477
"DR SUSHIL GUPTA","Aam Aadmi Party",KURUKSHETRA,HARYANA,513154
"DR. PRADEEP KUMAR PANIGRAHY","Bharatiya Janata Party",BERHAMPUR,ODISHA,513102
"MANOJ KUMAR","Indian National Congress",SASARAM,BIHAR,513004
CHANDRASHEKHAR,"Aazad Samaj Party (Kanshi Ram)",NAGINA,"UTTAR PRADESH",512552
"APARAJITA SARANGI","Bharatiya Janata Party",BHUBANESWAR,ODISHA,512519
"KESINENI SRINIVAS  (NANI)","Yuvajana Sramika Rythu Congress Party",VIJAYAWADA,"ANDHRA PRADESH",512069
"SANGEETA BENIWAL","Indian National Congress",PALI,RAJASTHAN,512038
"DR. ALOK KUMAR SUMAN","Janata Dal  (United)",GOPALGANJ,BIHAR,511866
"KALI CHARAN MUNDA","Indian National Congress",KHUNTI,JHARKHAND,511647
"RAM SHIROMANI VERMA","Samajwadi Party",SHRAWASTI,"UTTAR PRADESH",511055
"GOVINDRAM MEGHWAL","Indian National Congress",BIKANER,RAJASTHAN,511026
"ARUNA. D. K","Bharatiya Janata Party",MAHBUBNAGAR,TELANGANA,510747
"HEMAMALINI DHARMENDRA DEOL","Bharatiya Janata Party",MATHURA,"UTTAR PRADESH",510064
"PUSHPENDRA SAROJ","Samajwadi Party",KAUSHAMBI,"UTTAR PRADESH",509787
"NAVASKANI K","Indian Union Muslim League",RAMANATHAPURAM,"TAMIL NADU",509664
"NANDIGAM SURESH BABU","Yuvajana Sramika Rythu Congress Party",BAPATLA,"ANDHRA PRADESH",509462
"BABU SINGH KUSHWAHA","Samajwadi Party",JAUNPUR,"UTTAR PRADESH",509130
"ARUN BHARTI","Lok Janshakti Party(Ram Vilas)",JAMUI,BIHAR,509046
"TATKARE SUNIL DATTATREY","Nationalist Congress Party",RAIGAD,MAHARASHTRA,508352
"DHARMENDRA YADAV","Samajwadi Party",AZAMGARH,"UTTAR PRADESH",508239
"KUMARAGURU R","All India Anna Dravida Munnetra Kazhagam",KALLAKURICHI,"TAMIL NADU",507805
"RANJIT SINGH","Bharatiya Janata Party",HISAR,HARYANA,507043
"SATYAJEET BABASAHEB PATIL (AABA) SARUDKAR","Shiv Sena (Uddhav Balasaheb Thackrey)",HATKANANGALE,MAHARASHTRA,506764
"DIVYANSHU BUDHIRAJA","Indian National Congress",KARNAL,HARYANA,506708
"GIRIDHARI YADAV","Janata Dal  (United)",BANKA,BIHAR,506678
"NAVNEET RAVI RANA","Bharatiya Janata Party",AMRAVATI,MAHARASHTRA,506540
"CHALLA VAMSHI CHAND REDDY","Indian National Congress",MAHBUBNAGAR,TELANGANA,506247
"ARUNUDAY PAULCHOWDHURY","Bharatiya Janata Party",ULUBERIA,"WEST BENGAL",505949
"THIRUMAAVALAVAN THOL","Viduthalai Chiruthaigal Katchi",CHIDAMBARAM,"TAMIL NADU",505084
"SHASHANK MANI","Bharatiya Janata Party",DEORIA,"UTTAR PRADESH",504541
"RAJRANI RAWAT","Bharatiya Janata Party",BARABANKI,"UTTAR PRADESH",504223
"RAJENDRA RADHAKISHAN MALVIYA","Indian National Congress",DEWAS,"MADHYA PRADESH",503716
"RAJEEV RAI","Samajwadi Party",GHOSI,"UTTAR PRADESH",503131
"ROBERT BRUCE C","Indian National Congress",TIRUNELVELI,"TAMIL NADU",502296
"MURASOLI S","Dravida Munnetra Kazhagam",THANJAVUR,"TAMIL NADU",502245
"ADITYA YADAV","Samajwadi Party",BADAUN,"UTTAR PRADESH",501855
"SATISH KUMAR GAUTAM","Bharatiya Janata Party",ALIGARH,"UTTAR PRADESH",501834
"RANJEETSINGH HINDURAO NAIK NIMBALKAR","Bharatiya Janata Party",MADHA,MAHARASHTRA,501376
"SIMHADRI CHANDRA SEKHAR RAO","Yuvajana Sramika Rythu Congress Party",MACHILIPATNAM,"ANDHRA PRADESH",501260
"GOPAL LAMA","All India Trinamool Congress",DARJEELING,"WEST BENGAL",500806
"RAJSHRITAI HEMANT PATIL (MAHALLE)","Shiv Sena","YAVATMAL- WASHIM",MAHARASHTRA,500334
"NARESH CHANDRA UTTAM PATEL","Samajwadi Party",FATEHPUR,"UTTAR PRADESH",500328
"CHALAMALASETTY SUNIL","Yuvajana Sramika Rythu Congress Party",KAKINADA,"ANDHRA PRADESH",500208
"THARANIVENTHAN M S","Dravida Munnetra Kazhagam",ARANI,"TAMIL NADU",500099
"LALLU SINGH","Bharatiya Janata Party",FAIZABAD,"UTTAR PRADESH",499722
"BALYA MAMA - SURESH GOPINATH MHATRE","Nationalist Congress Party – Sharadchandra Pawar",BHIWANDI,MAHARASHTRA,499464
"KABIR SHANKAR BOSE","Bharatiya Janata Party",SRERAMPUR,"WEST BENGAL",499140
"LAXMIKANT PAPPU NISHAD","Samajwadi Party","SANT KABIR NAGAR","UTTAR PRADESH",498695
"ANJANA UDAILAL","Indian National Congress",CHITTORGARH,RAJASTHAN,498325
"DANVE RAOSAHEB DADARAO","Bharatiya Janata Party",JALNA,MAHARASHTRA,497939
"DR.KALANIDHI VEERASWAMY","Dravida Munnetra Kazhagam","CHENNAI NORTH","TAMIL NADU",497333
"VIGNESH P","All India Anna Dravida Munnetra Kazhagam",SALEM,"TAMIL NADU",495728
"JITAN RAM MANJHI","Hindustani Awam Morcha (Secular)",GAYA,BIHAR,494960
"URMILA JAIN “BHAYA”","Indian National Congress",JHALAWAR-BARAN,RAJASTHAN,494387
"JUAL ORAM","Bharatiya Janata Party",SUNDARGARH,ODISHA,494282
"ANITA SUBHADARSHINI","Bharatiya Janata Party",ASKA,ODISHA,494226
"SHIVESH KUMAR","Bharatiya Janata Party",SASARAM,BIHAR,493847
"BELLANA CHANDRASEKHAR","Yuvajana Sramika Rythu Congress Party",VIZIANAGARAM,"ANDHRA PRADESH",493762
"GOPINATH K","Indian National Congress",KRISHNAGIRI,"TAMIL NADU",492883
"KALYANI KRISHNA","All India Trinamool Congress",RAIGANJ,"WEST BENGAL",492700
"AASHTIKAR PATIL NAGESH BAPURAO","Shiv Sena (Uddhav Balasaheb Thackrey)",HINGOLI,MAHARASHTRA,492535
"NEERAJ MAURYA","Samajwadi Party",AONLA,"UTTAR PRADESH",492515
"JITENDRA KUMAR DOHARE","Samajwadi Party",ETAWAH,"UTTAR PRADESH",490747
"AJENDRA SINGH LODHI","Samajwadi Party",HAMIRPUR,"UTTAR PRADESH",490683
"RAJMOHAN UNNITHAN","Indian National Congress",KASARAGOD,KERALA,490659
"VIRENDRA RAWAT","Indian National Congress",HARIDWAR,UTTARAKHAND,489752
"JOYANTA BASUMATARY","United People’s Party Liberal",KOKRAJHAR,ASSAM,488995
"DR RAJKUMAR SANGWAN","Rashtriya Lok Dal",BAGHPAT,"UTTAR PRADESH",488967
"KUNWAR PUSHPENDRA SINGH CHANDEL","Bharatiya Janata Party",HAMIRPUR,"UTTAR PRADESH",488054
"MUKESH RAJPUT","Bharatiya Janata Party",FARRUKHABAD,"UTTAR PRADESH",487963
"DR. GUDURI SRINIVAS","Yuvajana Sramika Rythu Congress Party",RAJAHMUNDRY,"ANDHRA PRADESH",487376
"JAI PRAKASH","Bharatiya Janata Party",HARDOI,"UTTAR PRADESH",486798
"BIJENDRA SINGH","Samajwadi Party",ALIGARH,"UTTAR PRADESH",486187
"DR. NAVAL KISHOR SHAKYA","Samajwadi Party",FARRUKHABAD,"UTTAR PRADESH",485285
"SURENDRA SINGH BHOI","Biju Janata Dal",BOLANGIR,ODISHA,485080
"RAGHAV LAKHANPAL","Bharatiya Janata Party",SAHARANPUR,"UTTAR PRADESH",483425
"JEEVANREDDY THATIPARTHI","Indian National Congress",NIZAMABAD,TELANGANA,483077
"SUKHDEO BHAGAT","Indian National Congress",LOHARDAGA,JHARKHAND,483038
"HIBI EDEN","Indian National Congress",ERNAKULAM,KERALA,482317
"KAJAL NISHAD","Samajwadi Party",GORAKHPUR,"UTTAR PRADESH",482308
"B. B. PATIL","Bharatiya Janata Party",ZAHIRABAD,TELANGANA,482230
"MANJULATA MANDAL","Biju Janata Dal",BHADRAK,ODISHA,481775
"MAMTA BHUIYAN","Rashtriya Janata Dal",PALAMAU,JHARKHAND,481555
MOHIBBULLAH,"Samajwadi Party",RAMPUR,"UTTAR PRADESH",481503
"BALABHADRA MAJHI","Bharatiya Janata Party",NABARANGPUR,ODISHA,481396
"ADVOCATE ARUN SHRIVASTAVA","Indian National Congress",BHOPAL,"MADHYA PRADESH",479610
"RAVIDAS MEHROTRA","Samajwadi Party",LUCKNOW,"UTTAR PRADESH",477550
"ATHRAM SUGUNA","Indian National Congress",ADILABAD,TELANGANA,477516
"JANARDAN MISHRA","Bharatiya Janata Party",REWA,"MADHYA PRADESH",477459
"VIJAY KUMAR SHUKLA","Rashtriya Janata Dal",VAISHALI,BIHAR,477409
"MANMATH KUMAR ROUTRAY","Biju Janata Dal",BHUBANESWAR,ODISHA,477367
"RAVIKUMAR. D","Viduthalai Chiruthaigal Katchi",VILUPPURAM,"TAMIL NADU",477033
"GUMMA THANUJA RANI","Yuvajana Sramika Rythu Congress Party",ARAKU,"ANDHRA PRADESH",477005
"BHAUSAHEB RAJARAM WAKCHAURE","Shiv Sena (Uddhav Balasaheb Thackrey)",SHIRDI,MAHARASHTRA,476900
"DHANURJAYA SIDU","Biju Janata Dal",KEONJHAR,ODISHA,476881
"TARACHAND MEENA","Indian National Congress",UDAIPUR,RAJASTHAN,476678
"LOVELY ANAND","Janata Dal  (United)",SHEOHAR,BIHAR,476612
"DHARMENDRA KASHYAP","Bharatiya Janata Party",AONLA,"UTTAR PRADESH",476546
"KANWAR SINGH TANWAR","Bharatiya Janata Party",AMROHA,"UTTAR PRADESH",476506
"BHANU PRATAP SINGH VERMA","Bharatiya Janata Party",JALAUN,"UTTAR PRADESH",476282
"BHUMARE SANDIPANRAO ASARAM","Shiv Sena",AURANGABAD,MAHARASHTRA,476130
"ASHOK  MAHADEORAO NETE","Bharatiya Janata Party",GADCHIROLI,MAHARASHTRA,476096
"DEVESH SHAKYA","Samajwadi Party",ETAH,"UTTAR PRADESH",475808
"VAMSI KRISHNA GADDAM","Indian National Congress",PEDDAPALLE,TELANGANA,475587
"VIKAS UPADHYAY","Indian National Congress",RAIPUR,CHHATTISGARH,475066
"ASHOK KUMAR RAWAT","Bharatiya Janata Party",MISRIKH,"UTTAR PRADESH",475016
"SANTRUPT MISRA","Biju Janata Dal",CUTTACK,ODISHA,474524
"BIRENDRA SINGH","Samajwadi Party",CHANDAULI,"UTTAR PRADESH",474476
"KIRTIVARDHAN SINGH","Bharatiya Janata Party",GONDA,"UTTAR PRADESH",474258
"SOWMYA REDDY","Indian National Congress","BANGALORE SOUTH",KARNATAKA,473747
"RAJA A","Dravida Munnetra Kazhagam",NILGIRIS,"TAMIL NADU",473212
"RAJARAM PAL","Samajwadi Party",AKBARPUR,"UTTAR PRADESH",473078
"K. JAYAPRAKASH HEGDE","Indian National Congress","UDUPI CHIKMAGALUR",KARNATAKA,473059
"G. KISHAN REDDY","Bharatiya Janata Party",SECUNDERABAD,TELANGANA,473012
"SUBBARAYAN K.","Communist Party of India",TIRUPPUR,"TAMIL NADU",472739
"ABDUL RASHID SHEIKH",Independent,BARAMULLA,"JAMMU & KASHMIR",472481
"PRANAB PRAKASH DAS","Biju Janata Dal",SAMBALPUR,ODISHA,472326
"PHOOL SINGH BARAIYA","Indian National Congress",BHIND,"MADHYA PRADESH",472225
"RAJIV PRATAP RUDY","Bharatiya Janata Party",SARAN,BIHAR,471752
"ANUPRIYA PATEL","Apna Dal (Soneylal)",MIRZAPUR,"UTTAR PRADESH",471631
"SANJAY (KAKA) PATIL","Bharatiya Janata Party",SANGLI,MAHARASHTRA,471613
"SAPTAGIRI SANKAR ULAKA","Indian National Congress",KORAPUT,ODISHA,471393
"SUBRAT PATHAK","Bharatiya Janata Party",KANNAUJ,"UTTAR PRADESH",471370
"MADHAVANENI RAGHUNANDAN RAO","Bharatiya Janata Party",MEDAK,TELANGANA,471217
"HARENDRA SINGH MALIK","Samajwadi Party",MUZAFFARNAGAR,"UTTAR PRADESH",470721
"REKHA PATRA","Bharatiya Janata Party",BASIRHAT,"WEST BENGAL",470215
"AKHILESH PRATAP SINGH","Indian National Congress",DEORIA,"UTTAR PRADESH",469699
"R. K. SINGH","Bharatiya Janata Party",ARRAH,BIHAR,469574
"CHIKHALIKAR PRATAPRAO GOVINDRAO","Bharatiya Janata Party",NANDED,MAHARASHTRA,469452
"KUMARI ANITA","Rashtriya Janata Dal",MUNGER,BIHAR,469276
"RAMU TEKAM","Indian National Congress",BETUL,"MADHYA PRADESH",468475
"JANKAR MAHADEV JAGANNATH","Rashtriya Samaj Paksha",PARBHANI,MAHARASHTRA,467282
"NIRANJAN JYOTI","Bharatiya Janata Party",FATEHPUR,"UTTAR PRADESH",467129
"SANATAN PANDEY","Samajwadi Party",BALLIA,"UTTAR PRADESH",467068
"DURVIJAY SINGH SHAKYA","Bharatiya Janata Party",BADAUN,"UTTAR PRADESH",466864
"SAMIR KUMAR MOHANTY","Jharkhand Mukti Morcha",JAMSHEDPUR,JHARKHAND,466392
"DA KUMAR CHANDRADEEP","Rashtriya Janata Dal",MADHEPURA,BIHAR,466115
CHHOTELAL,"Samajwadi Party",ROBERTSGANJ,"UTTAR PRADESH",465848
"ABHAY KUMAR SINHA","Rashtriya Janata Dal",AURANGABAD,BIHAR,465567
"BUDI MUTYALA NAIDU","Yuvajana Sramika Rythu Congress Party",ANAKAPALLE,"ANDHRA PRADESH",465539
"ASHOK TANWAR","Bharatiya Janata Party",SIRSA,HARYANA,465326
"DR.MALLU RAVI","Indian National Congress",NAGARKURNOOL,TELANGANA,465072
"SELVARAJ V","Communist Party of India",NAGAPATTINAM,"TAMIL NADU",465044
"PARINITA MISHRA","Biju Janata Dal",BARGARH,ODISHA,464692
"ARJUN RAY","Rashtriya Janata Dal",SITAMARHI,BIHAR,464363
"DR. BHARATI PRAVIN PAWAR","Bharatiya Janata Party",DINDORI,MAHARASHTRA,464140
"JAGDAMBIKA PAL","Bharatiya Janata Party",DOMARIYAGANJ,"UTTAR PRADESH",463303
"NEETU SATYAPAL SINGH SIKARWAR","Indian National Congress",MORENA,"MADHYA PRADESH",462947
"MALA RAJYA LAKSHMI SHAH","Bharatiya Janata Party","TEHRI GARHWAL",UTTARAKHAND,462603
"VIKRAMADITYA SINGH","Indian National Congress",MANDI,"HIMACHAL PRADESH",462267
"UJJWAL RAMAN SINGH","Indian National Congress",ALLAHABAD,"UTTAR PRADESH",462145
"MATHESWARAN V S","Dravida Munnetra Kazhagam",NAMAKKAL,"TAMIL NADU",462036
"UDAY SHANKAR HAZARIKA","Indian National Congress",LAKHIMPUR,ASSAM,461865
"DHANGEKAR RAVINDRA HEMRAJ","Indian National Congress",PUNE,MAHARASHTRA,461690
"AJAY RAI","Indian National Congress",VARANASI,"UTTAR PRADESH",460457
"MAHESH PARMAR","Indian National Congress",UJJAIN,"MADHYA PRADESH",460244
"DR. VINOD KUMAR BIND","Bharatiya Janata Party",BHADOHI,"UTTAR PRADESH",459982
"GANESH SINGH","Bharatiya Janata Party",SATNA,"MADHYA PRADESH",459728
"DR. ANIRBAN GANGULY","Bharatiya Janata Party",JADAVPUR,"WEST BENGAL",459698
"MOHAMMED BADRUDDIN AJMAL","All India United Democratic Front",DHUBRI,ASSAM,459409
"USHA VERMA","Samajwadi Party",HARDOI,"UTTAR PRADESH",458942
"PRADEEP KUMAR","Bharatiya Janata Party",KAIRANA,"UTTAR PRADESH",458897
"MAHESH KASHYAP","Bharatiya Janata Party",BASTAR,CHHATTISGARH,458398
"ROHINI ACHARYA","Rashtriya Janata Dal",SARAN,BIHAR,458091
"MUNGANTIWAR SUDHIR SACCHIDANAND","Bharatiya Janata Party",CHANDRAPUR,MAHARASHTRA,458004
"SILBHADRA DATTA","Bharatiya Janata Party","DUM DUM","WEST BENGAL",457919
"ANUPAMA SINGH","Indian National Congress",DHANBAD,JHARKHAND,457589
"DR RATHIN CHAKRAVARTY","Bharatiya Janata Party",HOWRAH,"WEST BENGAL",457051
"ANUP SANJAY DHOTRE","Bharatiya Janata Party",AKOLA,MAHARASHTRA,457030
"ALOK KUMAR MEHTA","Rashtriya Janata Dal",UJIARPUR,BIHAR,455863
"ARJUN SINGH","Bharatiya Janata Party",BARRACKPUR,"WEST BENGAL",455793
"M.K. VISHNUPRASAD","Indian National Congress",CUDDALORE,"TAMIL NADU",455053
"RAPAKA VARAPRASADA RAO","Yuvajana Sramika Rythu Congress Party",AMALAPURAM,"ANDHRA PRADESH",454785
"GODSE HEMANT TUKARAM","Shiv Sena",NASHIK,MAHARASHTRA,454728
"BANDYOPADHYAY SUDIP","All India Trinamool Congress","KOLKATA UTTAR","WEST BENGAL",454696
"RAMESH CHANDRA","Samajwadi Party",BAHARAICH,"UTTAR PRADESH",454575
"DR RAJESH KUMAR","Vikassheel Insaan Party","PURVI CHAMPARAN",BIHAR,453906
"VISHWADEEP SINGH","Bharatiya Janata Party",FIROZABAD,"UTTAR PRADESH",453725
"BANSURI SWARAJ","Bharatiya Janata Party","NEW DELHI",DELHI,453185
"C P JOSHI","Indian National Congress",BHILWARA,RAJASTHAN,453034
"DR. MAHENDRA NATH  PANDEY","Bharatiya Janata Party",CHANDAULI,"UTTAR PRADESH",452911
"RAVINDRA DATTARAM WAIKAR","Shiv Sena","MUMBAI NORTH WEST",MAHARASHTRA,452644
"PRAVEEN PATEL","Bharatiya Janata Party",PHULPUR,"UTTAR PRADESH",452600
"AMOL GAJANAN KIRTIKAR","Shiv Sena (Uddhav Balasaheb Thackrey)","MUMBAI NORTH WEST",MAHARASHTRA,452596
"RAMDAS CHANDRABHAN TADAS","Bharatiya Janata Party",WARDHA,MAHARASHTRA,451458
"PRIYA SAROJ","Samajwadi Party",MACHHLISHAHR,"UTTAR PRADESH",451292
"CHANDRA PRAKASH CHOUDHARY","AJSU Party",GIRIDIH,JHARKHAND,451139
"SANJAY DINA PATIL","Shiv Sena (Uddhav Balasaheb Thackrey)","MUMBAI NORTH EAST",MAHARASHTRA,450937
"ANNAMALAI K","Bharatiya Janata Party",COIMBATORE,"TAMIL NADU",450132
"PARMESHWAR LAL SAINI","Bharatiya Janata Party",SAMBHAL,"UTTAR PRADESH",449667
"PRASUN BANERJEE","All India Trinamool Congress","MALDAHA UTTAR","WEST BENGAL",449315
"JOTVA HIRABHAI ARJANBHAI","Indian National Congress",JUNAGADH,GUJARAT,448555
"NARAYAN TATU RANE","Bharatiya Janata Party","RATNAGIRI- SINDHUDURG",MAHARASHTRA,448514
"AMAR NATH SINGH MAURYA","Samajwadi Party",PHULPUR,"UTTAR PRADESH",448268
"KUNWAR DANISH ALI","Indian National Congress",AMROHA,"UTTAR PRADESH",447836
"RAJVEER SINGH (RAJU BHAIYA)","Bharatiya Janata Party",ETAH,"UTTAR PRADESH",447756
"RITU JAISWAL","Rashtriya Janata Dal",SHEOHAR,BIHAR,447469
"CH LAL SINGH","Indian National Congress",UDHAMPUR,"JAMMU & KASHMIR",446703
"SANJEEV KUMAR BALYAN","Bharatiya Janata Party",MUZAFFARNAGAR,"UTTAR PRADESH",446049
"RAJKUMAR CHAHAR","Bharatiya Janata Party","FATEHPUR SIKRI","UTTAR PRADESH",445657
"SHIV CHANDRA RAM","Rashtriya Janata Dal",HAJIPUR,BIHAR,445613
"GAIKWAD VARSHA EKNATH","Indian National Congress","MUMBAI NORTH CENTRAL",MAHARASHTRA,445545
"DILIP SINGH GURJAR","Indian National Congress",MANDSOUR,"MADHYA PRADESH",445106
"DR. ANJALI NIMBALKAR","Indian National Congress","UTTARA KANNADA",KARNATAKA,445067
"RAMBHUAL NISHAD","Samajwadi Party",SULTANPUR,"UTTAR PRADESH",444330
"SREERUPA MITRA CHAUDHURY (NIRBHAYA DIDI)","Bharatiya Janata Party","MALDAHA DAKSHIN","WEST BENGAL",444027
"MADAN MOHAN TIWARI","Indian National Congress","PASCHIM CHAMPARAN",BIHAR,443853
"ANAND BHADAURIYA","Samajwadi Party",DHAURAHRA,"UTTAR PRADESH",443743
"N K PREMACHANDRAN","Revolutionary Socialist Party",KOLLAM,KERALA,443628
"RAMESH AWASTHI","Bharatiya Janata Party",KANPUR,"UTTAR PRADESH",443055
"SURENDRA PRASAD YADAV","Rashtriya Janata Dal",JAHANABAD,BIHAR,443035
"K K SHAILAJA TEACHER","Communist Party of India  (Marxist)",VADAKARA,KERALA,443022
"BHAGWAT SARAN GANGWAR","Samajwadi Party",PILIBHIT,"UTTAR PRADESH",442223
"SHIV PAL SINGH PATEL (DR. S P SINGH)","Samajwadi Party",PRATAPGARH,"UTTAR PRADESH",441932
"SANGITA RAJVANSHI","Samajwadi Party",MISRIKH,"UTTAR PRADESH",441610
"RAJESH VERMA","Bharatiya Janata Party",SITAPUR,"UTTAR PRADESH",441497
"DAROGA PRASAD SAROJ","Samajwadi Party",LALGANJ,"UTTAR PRADESH",439959
"ADHIR RANJAN CHOWDHURY","Indian National Congress",BAHARAMPUR,"WEST BENGAL",439494
"REKHA VERMA","Bharatiya Janata Party",DHAURAHRA,"UTTAR PRADESH",439294
"ZABED ISLAM","Asom Gana Parishad",DHUBRI,ASSAM,438594
"SUDHAKAR SINGH","Rashtriya Janata Dal",BUXAR,BIHAR,438345
"DR. ARVIND KUMAR SHARMA","Bharatiya Janata Party",ROHTAK,HARYANA,438280
"PRAKASH JOSHI","Indian National Congress","NAINITAL-UDHAMSINGH NAGAR",UTTARAKHAND,438123
"KAMPA BORGOYARI","Bodoland Peoples Front",KOKRAJHAR,ASSAM,437412
"TALA MARANDI","Bharatiya Janata Party",RAJMAHAL,JHARKHAND,435107
"AJAY PRATAP SINGH URF PINTU SAITHWAR","Samajwadi Party","KUSHI NAGAR","UTTAR PRADESH",434555
"ANSHUL AVIJIT","Indian National Congress","PATNA SAHIB",BIHAR,434424
"SAKET MISRA","Bharatiya Janata Party",SHRAWASTI,"UTTAR PRADESH",434382
"RAMESH CHAND BIND","Samajwadi Party",MIRZAPUR,"UTTAR PRADESH",433821
"KAPIL MORESHWAR PATIL","Bharatiya Janata Party",BHIWANDI,MAHARASHTRA,433343
"TAMILMANI S","All India Anna Dravida Munnetra Kazhagam",NAMAKKAL,"TAMIL NADU",432924
"MANI. A.","Dravida Munnetra Kazhagam",DHARMAPURI,"TAMIL NADU",432667
"ADV. DEAN KURIAKOSE","Indian National Congress",IDUKKI,KERALA,432372
"DR RAM SHANKAR KATHERIA","Bharatiya Janata Party",ETAWAH,"UTTAR PRADESH",432328
"ANIL BALUNI","Bharatiya Janata Party",GARHWAL,UTTARAKHAND,432159
"NEELAM MADHU","Indian National Congress",MEDAK,TELANGANA,432078
"AJEET SHARMA","Indian National Congress",BHAGALPUR,BIHAR,431163
"INDU DEVI","Bharatiya Janata Party",KARAULI-DHOLPUR,RAJASTHAN,431066
"UMABALA GUDURI","Yuvajana Sramika Rythu Congress Party",NARSAPURAM,"ANDHRA PRADESH",430541
"VENKATESAN S","Communist Party of India  (Marxist)",MADURAI,"TAMIL NADU",430323
"AJAY TAMTA","Bharatiya Janata Party",ALMORA,UTTARAKHAND,429167
"ADV UJWAL NIKAM","Bharatiya Janata Party","MUMBAI NORTH CENTRAL",MAHARASHTRA,429031
"KAMLESH PASWAN","Bharatiya Janata Party",BANSGAON,"UTTAR PRADESH",428693
"Vinod Sultanpuri","Indian National Congress",SHIMLA,"HIMACHAL PRADESH",428297
"DEBASREE CHAUDHURI","Bharatiya Janata Party","KOLKATA DAKSHIN","WEST BENGAL",428043
"SHREYA VERMA","Samajwadi Party",GONDA,"UTTAR PRADESH",428034
"MURTOJA HOSSAIN BOKUL","Indian National Congress",JANGIPUR,"WEST BENGAL",427790
"KARTI P CHIDAMBARAM","Indian National Congress",SIVAGANGA,"TAMIL NADU",427677
"JAI PRAKASH AGARWAL","Indian National Congress","CHANDNI CHOWK",DELHI,427171
"AAKASH KUMAR SINGH","Indian National Congress",MAHARAJGANJ,BIHAR,426882
"TILAK PERADA","Yuvajana Sramika Rythu Congress Party",SRIKAKULAM,"ANDHRA PRADESH",426427
"KOTHAPALLI GEETHA","Bharatiya Janata Party",ARAKU,"ANDHRA PRADESH",426425
"LOKHANDE SADASHIV KISAN","Shiv Sena",SHIRDI,MAHARASHTRA,426371
"HARISH CHANDRA ALIAS HARISH DWIVEDI","Bharatiya Janata Party",BASTI,"UTTAR PRADESH",426011
"VE VAITHILINGAM","Indian National Congress",PUDUCHERRY,PUDUCHERRY,426005
"DR RANI SRI KUMAR","Dravida Munnetra Kazhagam",TENKASI,"TAMIL NADU",425679
"ANANT GEETE","Shiv Sena (Uddhav Balasaheb Thackrey)",RAIGAD,MAHARASHTRA,425568
"SADAL PRASAD","Indian National Congress",BANSGAON,"UTTAR PRADESH",425543
"CHANDRAHAS CHAUPAL","Rashtriya Janata Dal",SUPAUL,BIHAR,425235
"DEEPAK YADAV","Rashtriya Janata Dal","VALMIKI NAGAR",BIHAR,424747
"SATPAL RAIZADA","Indian National Congress",HAMIRPUR,"HIMACHAL PRADESH",424711
"ASHOK KANDARY","Bharatiya Janata Party",JOYNAGAR,"WEST BENGAL",424093
"NEERAJ SHEKHAR","Bharatiya Janata Party",BALLIA,"UTTAR PRADESH",423684
"DANAM NAGENDER","Indian National Congress",SECUNDERABAD,TELANGANA,423068
"KARAN BALASAHEB PATIL - PAWAR","Shiv Sena (Uddhav Balasaheb Thackrey)",JALGAON,MAHARASHTRA,422834
"BHAGAT RAM","Samajwadi Party",KAISERGANJ,"UTTAR PRADESH",422420
"ALOK MISRA","Indian National Congress",KANPUR,"UTTAR PRADESH",422087
"V K SREEKANDAN","Indian National Congress",PALAKKAD,KERALA,421169
"MIHIR CHANDRAKANT KOTECHA","Bharatiya Janata Party","MUMBAI NORTH EAST",MAHARASHTRA,421076
"BHISHMA SHANKAR ALIAS KUSHAL TIWARI","Samajwadi Party",DOMARIYAGANJ,"UTTAR PRADESH",420575
"ARCHANA RANAJAGJITSINH PATIL","Nationalist Congress Party",OSMANABAD,MAHARASHTRA,418906
"BHARTI BHARAT KAMDI","Shiv Sena (Uddhav Balasaheb Thackrey)",PALGHAR,MAHARASHTRA,417938
"RAMCHANDRA CHOUDHARY","Indian National Congress",AJMER,RAJASTHAN,417471
"LEKHASRI SAMANTSINGHAR","Biju Janata Dal",BALASORE,ODISHA,416709
"SUKANTA KUMAR PANIGRAHI","Bharatiya Janata Party",KANDHAMAL,ODISHA,416415
"ABHAY KASHINATH PATIL","Indian National Congress",AKOLA,MAHARASHTRA,416404
"LALITESHPATI TRIPATHI","All India Trinamool Congress",BHADOHI,"UTTAR PRADESH",415910
"BHOLANATH (B.P. SAROJ)","Bharatiya Janata Party",MACHHLISHAHR,"UTTAR PRADESH",415442
"PARS NATH RAI","Bharatiya Janata Party",GHAZIPUR,"UTTAR PRADESH",415051
"VINOD KUMAR SINGH","Communist Party of India  (Marxist-Leninist)  (Liberation)",KODARMA,JHARKHAND,414643
"LURINJYOTI GOGOI","Assam Jatiya Parishad",DIBRUGARH,ASSAM,414441
"PREMLAL GANJU","Indian National Congress",SONITPUR,ASSAM,414380
"DAYANIDHI MARAN","Dravida Munnetra Kazhagam","CHENNAI CENTRAL","TAMIL NADU",413848
"SURESH GOPI","Bharatiya Janata Party",THRISSUR,KERALA,412338
"SOWMIYA ANBUMANI","Pattali Makkal Katchi",DHARMAPURI,"TAMIL NADU",411367
"VIVEK THAKUR","Bharatiya Janata Party",NAWADA,BIHAR,410608
"LAMBODAR NIAL","Biju Janata Dal",KALAHANDI,ODISHA,410490
"KRIPASHANKAR SINGH","Bharatiya Janata Party",JAUNPUR,"UTTAR PRADESH",409795
"M.V. JAYARAJAN","Communist Party of India  (Marxist)",KANNUR,KERALA,409542
"KANHAIYA LAL MEENA","Bharatiya Janata Party",DAUSA,RAJASTHAN,408926
"MITHILESH TIWARI","Bharatiya Janata Party",BUXAR,BIHAR,408254
"RUTVIKBHAI LAVJIBHAI MAKWANA","Indian National Congress",SURENDRANAGAR,GUJARAT,408132
"RITESH PANDEY","Bharatiya Janata Party","AMBEDKAR NAGAR","UTTAR PRADESH",407712
"DR. BOORA NARSAIAH GOUD","Bharatiya Janata Party",BHONGIR,TELANGANA,406973
"KRISHNA DEVI SHIVSHANKER PATEL","Samajwadi Party",BANDA,"UTTAR PRADESH",406567
"PRAVIN KUMAR NISHAD","Bharatiya Janata Party","SANT KABIR NAGAR","UTTAR PRADESH",406525
"BHAGYARAJ. J","All India Anna Dravida Munnetra Kazhagam",VILUPPURAM,"TAMIL NADU",406330
"VINOD KUMAR SONKAR","Bharatiya Janata Party",KAUSHAMBI,"UTTAR PRADESH",405843
"RAMASHANKAR RAJBHAR","Samajwadi Party",SALEMPUR,"UTTAR PRADESH",405472
"K. C VENUGOPAL","Indian National Congress",ALAPPUZHA,KERALA,404560
"CHANDAN CHAUHAN","Rashtriya Lok Dal",BIJNOR,"UTTAR PRADESH",404493
"AMRITPAL SINGH",Independent,"KHADOOR SAHIB",PUNJAB,404430
K.RADHAKRISHNAN,"Communist Party of India  (Marxist)",ALATHUR,KERALA,403447
"NEERAJ TRIPATHI","Bharatiya Janata Party",ALLAHABAD,"UTTAR PRADESH",403350
"JHANSI LAKSHMI. BOTCHA.","Yuvajana Sramika Rythu Congress Party",VISAKHAPATNAM,"ANDHRA PRADESH",403220
"KAWASI LAKHMA","Indian National Congress",BASTAR,CHHATTISGARH,403153
"MOHAMMAD JAWED","Indian National Congress",KISHANGANJ,BIHAR,402850
"JAI PRAKASH NARAYAN YADAV","Rashtriya Janata Dal",BANKA,BIHAR,402834
"RAMNATH SINGH SIKARWAR","Indian National Congress","FATEHPUR SIKRI","UTTAR PRADESH",402252
"S SUPONGMEREN JAMIR","Indian National Congress",NAGALAND,NAGALAND,401951
"RAVINDAR KUSHAWAHA","Bharatiya Janata Party",SALEMPUR,"UTTAR PRADESH",401899
"CHANDRAHASAN M","All India Anna Dravida Munnetra Kazhagam",CHIDAMBARAM,"TAMIL NADU",401530
"MD ALI ASHRAF FATMI","Rashtriya Janata Dal",MADHUBANI,BIHAR,401483
"MANEKA SANJAY GANDHI","Bharatiya Janata Party",SULTANPUR,"UTTAR PRADESH",401156
"VINAYAK BHAURAO RAUT","Shiv Sena (Uddhav Balasaheb Thackrey)","RATNAGIRI- SINDHUDURG",MAHARASHTRA,400656
"SUKHRAMBHAI HARIYABHAI RATHWA","Indian National Congress","CHHOTA UDAIPUR",GUJARAT,397812
"P. VENKATRAMA REDDY","Bharat Rashtra Samithi",MEDAK,TELANGANA,396790
"ARCHANA KUMARI","Rashtriya Janata Dal",JAMUI,BIHAR,396564
"ARVIND GANPAT SAWANT","Shiv Sena (Uddhav Balasaheb Thackrey)","MUMBAI SOUTH",MAHARASHTRA,395655
"ANIL YESHWANT DESAI","Shiv Sena (Uddhav Balasaheb Thackrey)","MUMBAI SOUTH CENTRAL",MAHARASHTRA,395138
"ACHYUTANANDA SAMANTA","Biju Janata Dal",KANDHAMAL,ODISHA,395044
"RANJITA SAHU","Biju Janata Dal",ASKA,ODISHA,394252
"BENNY BEHANAN","Indian National Congress",CHALAKUDY,KERALA,394171
"GHANSHYAM SINGH LODHI","Bharatiya Janata Party",RAMPUR,"UTTAR PRADESH",394069
"PRADEEP KUMAR MAJHI","Biju Janata Dal",NABARANGPUR,ODISHA,393860
"KUMAR SARVJEET","Rashtriya Janata Dal",GAYA,BIHAR,393148
"SUNNY HAZARI","Indian National Congress",SAMASTIPUR,BIHAR,392535
"NITESH PARBATBHAI LALAN (MATANG)","Indian National Congress",KACHCHH,GUJARAT,390792
"DR. SANDEEP SAURAV","Communist Party of India  (Marxist-Leninist)  (Liberation)",NALANDA,BIHAR,390308
"CHARANJIT SINGH CHANNI","Indian National Congress",JALANDHAR,PUNJAB,390053
"M.V BALAKRISHNAN MASTER","Communist Party of India  (Marxist)",KASARAGOD,KERALA,390010
"DR. DAMODAR GURJAR","Indian National Congress",RAJSAMAND,RAJASTHAN,388980
"LALIT KUMAR YADAV","Rashtriya Janata Dal",DARBHANGA,BIHAR,388474
"SURYA KANTA SARKAR","Indian National Congress",SILCHAR,ASSAM,388094
"KALUSINH DABHI","Indian National Congress",KHEDA,GUJARAT,386677
"VIJAYLAKSHMI DEVI","Janata Dal  (United)",SIWAN,BIHAR,386508
"SUSHIL KUMAR SINGH","Bharatiya Janata Party",AURANGABAD,BIHAR,386456
"MANICKAM TAGORE B","Indian National Congress",VIRUDHUNAGAR,"TAMIL NADU",385256
"ALFRED KANNGAM S ARTHUR","Indian National Congress","OUTER MANIPUR",MANIPUR,384954
"AJAY NISHAD","Indian National Congress",MUZAFFARPUR,BIHAR,384822
"ALAM MOSTAQUE","Indian National Congress","MALDAHA UTTAR","WEST BENGAL",384764
"PREM NATH CHANCHAL ALIAS CHANCHAL PASWAN","Vikassheel Insaan Party",GOPALGANJ,BIHAR,384686
"BABURAO KADAM KOHALIKAR","Shiv Sena",HINGOLI,MAHARASHTRA,383933
"SALENG A SANGMA","Indian National Congress",TURA,MEGHALAYA,383919
"RAMYA HARIDAS","Indian National Congress",ALATHUR,KERALA,383336
"YADVENDRA RAO DESHRAJ SINGH","Indian National Congress",GUNA,"MADHYA PRADESH",382373
"ADVOCATE J. P. MARAVIYA","Indian National Congress",JAMNAGAR,GUJARAT,382041
"ANAND SHARMA","Indian National Congress",KANGRA,"HIMACHAL PRADESH",380898
"VIJAYAPRABHAKARAN V","Desiya Murpokku Dravida Kazhagam",VIRUDHUNAGAR,"TAMIL NADU",380877
"RAJA RAM SINGH","Communist Party of India  (Marxist-Leninist)  (Liberation)",KARAKAT,BIHAR,380581
"VAISHALI DAREKAR - RANE","Shiv Sena (Uddhav Balasaheb Thackrey)",KALYAN,MAHARASHTRA,380492
"SANJAY SHARMA SANJU BHAIYA","Indian National Congress",HOSHANGABAD,"MADHYA PRADESH",380451
"JAI PRAKASH BHAI PATEL","Indian National Congress",HAZARIBAGH,JHARKHAND,377927
"SANJAY KUMAR","Communist Party of India  (Marxist)",KHAGARIA,BIHAR,377526
"KAMLESHWAR INDRAJIT KUMAR","Indian National Congress",SIDHI,"MADHYA PRADESH",377143
"JAYVEER SINGH","Bharatiya Janata Party",MAINPURI,"UTTAR PRADESH",376887
"HARSIMRAT KAUR BADAL","Shiromani Akali Dal",BATHINDA,PUNJAB,376558
"SANGAM LAL GUPTA","Bharatiya Janata Party",PRATAPGARH,"UTTAR PRADESH",375726
"SOMNATH BHARTI","Aam Aadmi Party","NEW DELHI",DELHI,374815
"DABBU SIDDHARTH SUKHLAL KUSHWAHA","Indian National Congress",SATNA,"MADHYA PRADESH",374779
"ELAMARAM KAREEM","Communist Party of India  (Marxist)",KOZHIKODE,KERALA,374245
"ANGOMCHA BIMOL AKOIJAM","Indian National Congress","INNER MANIPUR",MANIPUR,374017
"DHANANI PARESH","Indian National Congress",RAJKOT,GUJARAT,373724
"SMRITI IRANI","Bharatiya Janata Party",AMETHI,"UTTAR PRADESH",372032
"DR. NIRMAL KUMAR SAHA","Bharatiya Janata Party",BAHARAMPUR,"WEST BENGAL",371885
"BHARATH  PRASAD POTHUGANTI","Bharatiya Janata Party",NAGARKURNOOL,TELANGANA,370658
"MATHURA PRASAD MAHATO","Jharkhand Mukti Morcha",GIRIDIH,JHARKHAND,370259
"KODIKUNNIL SURESH","Indian National Congress",MAVELIKKARA,KERALA,369516
"THANGAVEL. L","All India Anna Dravida Munnetra Kazhagam",KARUR,"TAMIL NADU",368090
"ANTO ANTONY","Indian National Congress",PATHANAMTHITTA,KERALA,367623
DEEPAK,"Samajwadi Party",BIJNOR,"UTTAR PRADESH",366985
"SUDAM MARNDI","Biju Janata Dal",MAYURBHANJ,ODISHA,366637
"RADHAKRISHNAN P","Bharatiya Janata Party",KANNIYAKUMARI,"TAMIL NADU",366341
"ADV K FRANCIS GEORGE","Kerala Congress",KOTTAYAM,KERALA,364631
"RAJASEKAR. E","All India Anna Dravida Munnetra Kazhagam",KANCHEEPURAM,"TAMIL NADU",364571
"GURMEET SINGH MEET HAYER","Aam Aadmi Party",SANGRUR,PUNJAB,364085
"SUKHJINDER SINGH RANDHAWA","Indian National Congress",GURDASPUR,PUNJAB,364043
"TAPAS ROY","Bharatiya Janata Party","KOLKATA UTTAR","WEST BENGAL",362136
"ARJUN MUNDA","Bharatiya Janata Party",KHUNTI,JHARKHAND,361972
"OM KUMAR","Bharatiya Janata Party",NAGINA,"UTTAR PRADESH",361079
"AROORI RAMESH","Bharatiya Janata Party",WARANGAL,TELANGANA,360955
"VELCHALA RAJENDER RAO","Indian National Congress",KARIMNAGAR,TELANGANA,359907
"SHRIRAM DAYARAM PATIL","Nationalist Congress Party – Sharadchandra Pawar",RAVER,MAHARASHTRA,358696
"ADV ARUN KUMAR C A","Communist Party of India",MAVELIKKARA,KERALA,358648
"RAMJI THAKOR","Indian National Congress",MAHESANA,GUJARAT,358360
"SHASHI THAROOR","Indian National Congress",THIRUVANANTHAPURAM,KERALA,358155
"AGA SYED RUHULLAH MEHDI","Jammu & Kashmir National Conference",SRINAGAR,"JAMMU & KASHMIR",356866
"DILIP KUMAR TIRKEY","Biju Janata Dal",SUNDARGARH,ODISHA,355474
"DR. PRABHABEN KISHORSINH TAVIYAD","Indian National Congress",DAHOD,GUJARAT,355038
"KRISHNA NAND TRIPATHI","Indian National Congress",CHATRA,JHARKHAND,353597
"AC SHANMUGAM","Bharatiya Janata Party",VELLORE,"TAMIL NADU",352990
"GEETA KORA","Bharatiya Janata Party",SINGHBHUM,JHARKHAND,351762
"DR CHUMBEN MURRY","Nationalist Democratic Progressive Party",NAGALAND,NAGALAND,350967
"JADHAV PRATAPRAO GANPATRAO","Shiv Sena",BULDHANA,MAHARASHTRA,349867
"SUMAN KUMAR MAHASETH","Vikassheel Insaan Party",JHANJHARPUR,BIHAR,348863
"BHRUGU BAXIPATRA","Biju Janata Dal",BERHAMPUR,ODISHA,347626
"JAIRAM KUMAR MAHATO",Independent,GIRIDIH,JHARKHAND,347322
"DINESH LAL YADAV “NIRAHUA”","Bharatiya Janata Party",AZAMGARH,"UTTAR PRADESH",347204
"ARUNACHALAM P.","All India Anna Dravida Munnetra Kazhagam",TIRUPPUR,"TAMIL NADU",346811
"A VIJAYARAGHAVAN","Communist Party of India  (Marxist)",PALAKKAD,KERALA,345886
"SRINIVAS GOMASE","Bharatiya Janata Party",PEDDAPALLE,TELANGANA,344223
"SAMIR ORAON","Bharatiya Janata Party",LOHARDAGA,JHARKHAND,343900
"V. VASEEF","Communist Party of India  (Marxist)",MALAPPURAM,KERALA,343888
"MUJAHID ALAM","Janata Dal  (United)",KISHANGANJ,BIHAR,343158
"YAMINI YASHWANT JADHAV","Shiv Sena","MUMBAI SOUTH",MAHARASHTRA,342982
"SHRAWAN KUMAR","Rashtriya Janata Dal",NAWADA,BIHAR,342938
"PANNEERSELVAM O S/O OTTAKARATHEVAR",Independent,RAMANATHAPURAM,"TAMIL NADU",342882
"RAJEEV CHANDRASEKHAR","Bharatiya Janata Party",THIRUVANANTHAPURAM,KERALA,342078
"RAHUL RAMESH SHEWALE","Shiv Sena","MUMBAI SOUTH CENTRAL",MAHARASHTRA,341754
"IMTIAZ JALEEL SYED","All India Majlis-E-Ittehadul Muslimeen",AURANGABAD,MAHARASHTRA,341480
"A. M ARIFF","Communist Party of India  (Marxist)",ALAPPUZHA,KERALA,341047
"DHANANJAY GHOSH","Bharatiya Janata Party",JANGIPUR,"WEST BENGAL",340814
"DR. ARVIND RAJBHAR","Suheldev Bharatiya Samaj Party",GHOSI,"UTTAR PRADESH",340188
"ADV V S SUNILKUMAR","Communist Party of India",THRISSUR,KERALA,337652
"ABHIJIT DAS (BOBBY)","Bharatiya Janata Party","DIAMOND HARBOUR","WEST BENGAL",337300
"NAINAR NAGENTHRAN","Bharatiya Janata Party",TIRUNELVELI,"TAMIL NADU",336676
"RINKI SINGH","Apna Dal (Soneylal)",ROBERTSGANJ,"UTTAR PRADESH",336614
"R. K. SINGH PATEL","Bharatiya Janata Party",BANDA,"UTTAR PRADESH",335357
"AMARSING TISSO","Bharatiya Janata Party",DIPHU,ASSAM,334620
"AMAR SINGH","Indian National Congress","FATEHGARH SAHIB",PUNJAB,332591
"PROF C RAVEENDRANATH","Communist Party of India  (Marxist)",CHALAKUDY,KERALA,330417
AMARPAL,"Samajwadi Party",BAGHPAT,"UTTAR PRADESH",329508
"K MURALEEDHARAN","Indian National Congress",THRISSUR,KERALA,328124
"SURESH CHAND KARDAM","Samajwadi Party",AGRA,"UTTAR PRADESH",328103
"ADV ADOOR PRAKASH","Indian National Congress",ATTINGAL,KERALA,328051
"V JOY","Communist Party of India  (Marxist)",ATTINGAL,KERALA,327367
"GURMEET SINGH KHUDIAN","Aam Aadmi Party",BATHINDA,PUNJAB,326902
"K.S HAMZA","Communist Party of India  (Marxist)",PONNANI,KERALA,326756
"ASHOK KUMAR","All India Anna Dravida Munnetra Kazhagam",ERODE,"TAMIL NADU",325773
"BHARAT YOGENDRA MAKWANA","Indian National Congress","AHMEDABAD WEST",GUJARAT,325267
"NEELAM SONKER","Bharatiya Janata Party",LALGANJ,"UTTAR PRADESH",324936
"MADHAVI LATHA KOMPELLA","Bharatiya Janata Party",HYDERABAD,TELANGANA,323894
"KAUSALYA HIKAKA","Biju Janata Dal",KORAPUT,ODISHA,323649
"BHUSHAN PATIL","Indian National Congress","MUMBAI NORTH",MAHARASHTRA,322538
"AMRINDER SINGH RAJA WARRING","Indian National Congress",LUDHIANA,PUNJAB,322224
SHIVRAM,"Indian National Congress",BULANDSHAHR,"UTTAR PRADESH",322176
"DR.R.S.PRAVEEN KUMAR","Bharat Rashtra Samithi",NAGARKURNOOL,TELANGANA,321343
"NARENDRA DAGDU KHEDEKAR","Shiv Sena (Uddhav Balasaheb Thackrey)",BULDHANA,MAHARASHTRA,320388
"CHANDRA BHUSAN SINGH BUNDELA GUDDU RAJA","Indian National Congress",SAGAR,"MADHYA PRADESH",316757
"PHUNDE LAL SINGH MARKO","Indian National Congress",SHAHDOL,"MADHYA PRADESH",313803
"KALIYAPERUMAL M","All India Anna Dravida Munnetra Kazhagam",TIRUVANNAMALAI,"TAMIL NADU",313448
"MALVINDER SINGH KANG","Aam Aadmi Party","ANANDPUR SAHIB",PUNJAB,313217
"V  MURALEEDHARAN","Bharatiya Janata Party",ATTINGAL,KERALA,311779
"KHUMAN URF PANKAJ AHIRWAR","Indian National Congress",TIKAMGARH,"MADHYA PRADESH",311738
"DURGADAS BORO","Bodoland Peoples Front",DARRANG-UDALGURI,ASSAM,310574
"AKHTARUL IMAN","All India Majlis-E-Ittehadul Muslimeen",KISHANGANJ,BIHAR,309264
"HIMMATSINH PRAHLADSINH PATEL","Indian National Congress","AHMEDABAD EAST",GUJARAT,308704
"JASVEER VALMIKI","Samajwadi Party",HATHRAS,"UTTAR PRADESH",307428
"DR DHARAMVIRA GANDHI","Indian National Congress",PATIALA,PUNJAB,305616
"DR. RAJ KUMAR CHABBEWAL","Aam Aadmi Party",HOSHIARPUR,PUNJAB,303859
"DINESH YADAV","Indian National Congress",JABALPUR,"MADHYA PRADESH",303459
"BHUJABAL MAJHI","Indian National Congress",NABARANGPUR,ODISHA,303392
"TARBAR SINGH LODHI (BANTU BHAIYA)","Indian National Congress",DAMOH,"MADHYA PRADESH",303342
"DROUPADI MAJHI","Indian National Congress",KALAHANDI,ODISHA,303199
"VIJAY INDER SINGLA","Indian National Congress","ANANDPUR SAHIB",PUNJAB,302371
"DR.T.M.THOMAS ISSAC","Communist Party of India  (Marxist)",PATHANAMTHITTA,KERALA,301504
"RAVNEET SINGH BITTU","Bharatiya Janata Party",LUDHIANA,PUNJAB,301282
"SHAHNAWAZ ALI RAIHAN","All India Trinamool Congress","MALDAHA DAKSHIN","WEST BENGAL",301026
