CANDIDATE,PARTY,CONSTITUENCY,STATE,RUNNER_VOTES
"D K SURESH","Indian National Congress","BANGALORE RURAL",KARNATAKA,809355
"NISITH PRAMANIK","Bharatiya Janata Party",COOCHBEHAR,"WEST BENGAL",749125
"RAJ BABBAR","Indian National Congress",GURGAON,HARYANA,733257
"PROFESSOR M.V RAJEEV GOWDA","Indian National Congress","BANGALORE NORTH",KARNATAKA,726573
"UTTAM BARIK SON OF LATE BIRENDRA BARIK","All India Trinamool Congress",KANTHI,"WEST BENGAL",715431
"PRAHLAD GUNJAL","Indian National Congress",KOTA,RAJASTHAN,708522
"ARUP KANTI DIGAR","Bharatiya Janata Party",ARAMBAGH,"WEST BENGAL",706188
"DEBANGSHU BHATTACHARYA","All India Trinamool Congress",TAMLUK,"WEST BENGAL",687851
"KANHAIYA KUMAR","Indian National Congress","NORTH-EAST DELHI",DELHI,685673
"PORLAL BATHA KHARTE","Indian National Congress",KHARGONE,"MADHYA PRADESH",684845
"NIRMAL CHANDRA ROY","All India Trinamool Congress",JALPAIGURI,"WEST BENGAL",679875
"PANKAJA GOPINATHRAO MUNDE","Bharatiya Janata Party",BEED,MAHARASHTRA,677397
"AGNIMITRA PAUL","Bharatiya Janata Party",MEDINIPUR,"WEST BENGAL",675001
"SUJATA MONDAL","All India Trinamool Congress",BISHNUPUR,"WEST BENGAL",674563
"BHUPESH BAGHEL","Indian National Congress",RAJNANDGAON,CHHATTISGARH,667646
"ANANDSWAMY GADDADEVARMATH","Indian National Congress",HAVERI,KARNATAKA,662025
"M.S. RAKSHA RAMAIAH","Indian National Congress",CHIKKBALLAPUR,KARNATAKA,659159
"M. LAKSHMANA","Indian National Congress",MYSORE,KARNATAKA,656241
"DEVENDRA JHAJHARIA","Bharatiya Janata Party",CHURU,RAJASTHAN,655474
"DR. HIRANMOY CHATTOPADHYAYA","Bharatiya Janata Party",GHATAL,"WEST BENGAL",655122
"DR CHEVIREDDY BHASKAR REDD","Yuvajana Sramika Rythu Congress Party",ONGOLE,"ANDHRA PRADESH",651695
"SHASHI SINGH KORAM","Indian National Congress",SURGUJA,CHHATTISGARH,648378
"ANIL KUMAR POLUBOINA","Yuvajana Sramika Rythu Congress Party",NARSARAOPET,"ANDHRA PRADESH",648267
"ROSELINA TIRKEY","Indian National Congress",KAZIRANGA,ASSAM,648096
"OMKAR SINGH MARKAM","Indian National Congress",MANDLA,"MADHYA PRADESH",647529
"BISWAJIT DAS S/O LATE BIJAY KRISHNA DAS","All India Trinamool Congress",BANGAON,"WEST BENGAL",645812
"MIRA BORTHAKUR GOSWAMI","Indian National Congress",GUWAHATI,ASSAM,643797
"MAHABAL MISHRA","Aam Aadmi Party","WEST DELHI",DELHI,643645
"DR. REKHABEN HITESHBHAI CHAUDHARI","Bharatiya Janata Party",BANASKANTHA,GUJARAT,641477
"PRIYANKA BALAN MEGHWAL","Bharatiya Janata Party",GANGANAGAR,RAJASTHAN,638339
"DEEP BAYAN","Indian National Congress",BARPETA,ASSAM,637762
"DR GADDAM RANJITH REDDY","Indian National Congress",CHEVELLA,TELANGANA,636985
B.N.CHANDRAPPA,"Indian National Congress",CHITRADURGA,KARNATAKA,636769
"B. SREERAMULU","Bharatiya Janata Party",BELLARY,KARNATAKA,631853
"PRAJWAL REVANNA","Janata Dal  (Secular)",HASSAN,KARNATAKA,630339
"MANSOOR ALI KHAN","Indian National Congress","BANGALORE CENTRAL",KARNATAKA,626208
"LOCKET CHATTERJEE","Bharatiya Janata Party",HOOGHLY,"WEST BENGAL",625891
"DR. UMESH G JADHAV","Bharatiya Janata Party",GULBARGA,KARNATAKA,625116
"ANNASAHEB SHANKAR JOLLE","Bharatiya Janata Party",CHIKKODI,KARNATAKA,622627
"K V GOWTHAM","Indian National Congress",KOLAR,KARNATAKA,620093
"PRAKASH CHIK BARAIK","All India Trinamool Congress",ALIPURDUARS,"WEST BENGAL",619867
"VINOD ASOOTI","Indian National Congress",DHARWAD,KARNATAKA,618907
"DR. SHIVKUMAR DAHARIYA","Indian National Congress",JANJGIR-CHAMPA,CHHATTISGARH,618199
"VARA PRASAD RAO VELAGAPALLI","Bharatiya Janata Party",THIRUPATHI,"ANDHRA PRADESH",617659
"DR . BASAVARAJ. K. SHARANAPPA","Bharatiya Janata Party",KOPPAL,KARNATAKA,617154
"ANIL CHOPRA","Indian National Congress","JAIPUR RURAL",RAJASTHAN,616262
"MAHENDER PRATAP SINGH","Indian National Congress",FARIDABAD,HARYANA,615655
PADMARAJ.R.POOJARY,"Indian National Congress","DAKSHINA KANNADA",KARNATAKA,614924
"BANTO KATARIA","Bharatiya Janata Party",AMBALA,HARYANA,614621
"KARAN SINGH UCHIYARDA","Indian National Congress",JODHPUR,RAJASTHAN,614379
"DIGVIJAYA SINGH","Indian National Congress",RAJGARH,"MADHYA PRADESH",612654
"DR. SUBHAS SARKAR","Bharatiya Janata Party",BANKURA,"WEST BENGAL",609035
"TOPON KUMAR GOGOI","Bharatiya Janata Party",JORHAT,ASSAM,607378
"GAYITHRI SIDDESHWARA","Bharatiya Janata Party",DAVANAGERE,KARNATAKA,606965
"SAMYUKTA SHIVANAND PATIL","Indian National Congress",BAGALKOT,KARNATAKA,602640
"PRAVEEN PATHAK","Indian National Congress",GWALIOR,"MADHYA PRADESH",601325
"PATNAM SUNEETHA MAHENDER REDDY","Indian National Congress",MALKAJGIRI,TELANGANA,599567
"SANJAY SADASHIVRAO MANDLIK","Shiv Sena",KOLHAPUR,MAHARASHTRA,599558
"KAUSHAL KISHORE","Bharatiya Janata Party",MOHANLALGANJ,"UTTAR PRADESH",597577
"SANJOG BHIKU WAGHERE PATIL","Shiv Sena (Uddhav Balasaheb Thackrey)",MAVAL,MAHARASHTRA,596217
"DR. SUJAY RADHAKRISHNA VIKHEPATIL","Bharatiya Janata Party",AHMEDNAGAR,MAHARASHTRA,595868
"BIRESH THAKUR","Indian National Congress",KANKER,CHHATTISGARH,595740
"RAJU ALAGUR.","Indian National Congress",BIJAPUR,KARNATAKA,595552
"MUKUT MANI ADHIKARI","All India Trinamool Congress",RANAGHAT,"WEST BENGAL",595497
"VAIBHAV GEHLOT","Indian National Congress",JALORE,RAJASTHAN,595240
"J SHANTHA","Yuvajana Sramika Rythu Congress Party",HINDUPUR,"ANDHRA PRADESH",593107
"NARENDRA PATEL","Indian National Congress",KHANDWA,"MADHYA PRADESH",592708
"PRADEEP YADAV","Indian National Congress",GODDA,JHARKHAND,591327
"RAJA AMARESHWARA NAIK.","Bharatiya Janata Party",RAICHUR,KARNATAKA,591185
"POCHA BRAHMANANDA REDDY","Yuvajana Sramika Rythu Congress Party",NANDYAL,"ANDHRA PRADESH",589156
"KANTILAL BHURIA","Indian National Congress",RATLAM,"MADHYA PRADESH",588631
"PRADEEP JAIN ADITYA","Indian National Congress",JHANSI,"UTTAR PRADESH",587702
"DR HEENA VIJAYKUMAR GAVIT","Bharatiya Janata Party",NANDURBAR,MAHARASHTRA,586878
"RAVINDRA SINGH BHATI",Independent,BARMER,RAJASTHAN,586500
"SUMEDHANAND SARASWATI","Bharatiya Janata Party",SIKAR,RAJASTHAN,586404
"LALIT YADAV","Indian National Congress",ALWAR,RAJASTHAN,583710
"MRINAL R HEBBALKAR","Indian National Congress",BELGAUM,KARNATAKA,583592
"DILIP GHOSH","Bharatiya Janata Party",BARDHAMAN-DURGAPUR,"WEST BENGAL",582686
"ANNU TANDON","Samajwadi Party",UNNAO,"UTTAR PRADESH",580315
SHAHNAWAZ,"Rashtriya Janata Dal",ARARIA,BIHAR,580052
"BHAMRE SUBHASH RAMRAO","Bharatiya Janata Party",DHULE,MAHARASHTRA,580035
"MALAGUNDLA SANKAR NARAYANA","Yuvajana Sramika Rythu Congress Party",ANANTHAPUR,"ANDHRA PRADESH",579690
"SWAPAN MAJUMDER","Bharatiya Janata Party",BARASAT,"WEST BENGAL",577821
"SURESH BORAH","Bharatiya Janata Party",NAGAON,ASSAM,576619
"RADHESHYAM MUVEL","Indian National Congress",DHAR,"MADHYA PRADESH",575784
"UDIT RAJ","Indian National Congress","NORTH-WEST DELHI",DELHI,575634
"SUNETRA AJITDADA PAWAR","Nationalist Congress Party",BARAMATI,MAHARASHTRA,573979
"MAHENDRAJEETSINGH MALVIYA","Bharatiya Janata Party",BANSWARA,RAJASTHAN,573777
"AMRITA ROY","Bharatiya Janata Party",KRISHNANAGAR,"WEST BENGAL",572084
"KULDEEP KUMAR (MONU)","Aam Aadmi Party","EAST DELHI",DELHI,571156
"DR. PRANAT TUDU","Bharatiya Janata Party",JHARGRAM,"WEST BENGAL",569430
"NALLARI KIRAN KUMAR REDDY","Bharatiya Janata Party",RAJAMPET,"ANDHRA PRADESH",568773
"SAHI RAM","Aam Aadmi Party","SOUTH DELHI",DELHI,568499
"DR. MENKA DEVI SINGH","Indian National Congress",RAIGARH,CHHATTISGARH,567884
"ABDHESH KUMAR ROY","Communist Party of India",BEGUSARAI,BIHAR,567851
"VENKATARAMANE GOWDA (STAR CHANDRU)","Indian National Congress",MANDYA,KARNATAKA,567261
"BIPLAB MITRA","All India Trinamool Congress",BALURGHAT,"WEST BENGAL",564610
"KARUMURI SUNIL KUMAR","Yuvajana Sramika Rythu Congress Party",ELURU,"ANDHRA PRADESH",564494
BALARAJ.S,"Bharatiya Janata Party",CHAMARAJANAGAR,KARNATAKA,562965
"SHANTIRAM MAHATO","All India Trinamool Congress",PURULIA,"WEST BENGAL",561410
"DEVENDRA YADAV","Indian National Congress",BILASPUR,CHHATTISGARH,560379
"CHANDANJI TALAJI THAKOR","Indian National Congress",PATAN,GUJARAT,560071
"ASIM KUMAR SARKAR","Bharatiya Janata Party","BARDHAMAN PURBA","WEST BENGAL",559730
"SUKHBIR SINGH JAUNAPURIA","Bharatiya Janata Party","TONK-SAWAI MADHOPUR",RAJASTHAN,558814
"TAMRADHWAJ SAHU","Indian National Congress",MAHASAMUND,CHHATTISGARH,558203
"ADHALRAO SHIVAJI DATTATREY","Nationalist Congress Party",SHIRUR,MAHARASHTRA,557741
"REDDEPPA.N .","Yuvajana Sramika Rythu Congress Party",CHITTOOR,"ANDHRA PRADESH",557592
"VIRENDRA CHAUDHARY","Indian National Congress",MAHARAJGANJ,"UTTAR PRADESH",555859
"PRATAP SINGH KHACHARIYAWAS","Indian National Congress",JAIPUR,RAJASTHAN,555083
"JYOTI MIRDHA","Bharatiya Janata Party",NAGAUR,RAJASTHAN,554730
"ASHOK PURKAIT","Bharatiya Janata Party",MATHURAPUR,"WEST BENGAL",554674
"ANANTKUMAR HASMUKHBHAI PATEL","Indian National Congress",VALSAD,GUJARAT,553522
"RAMAN BHALLA","Indian National Congress",JAMMU,"JAMMU & KASHMIR",552090
"SUNIL BABURAO MENDHE","Bharatiya Janata Party","BHANDARA GONDIYA",MAHARASHTRA,550033
"ANSHUMAN MOHANTY","Biju Janata Dal",KENDRAPARA,ODISHA,549169
"DR. RAJASHREE MALLICK","Biju Janata Dal",JAGATSINGHPUR,ODISHA,548397
"B Y RAMAIAH","Yuvajana Sramika Rythu Congress Party",KURNOOLU,"ANDHRA PRADESH",547616
"RAO DAN SINGH","Indian National Congress",BHIWANI-MAHENDRAGARH,HARYANA,547154
"SUDHAKAR TUKARAM SHRANGARE","Bharatiya Janata Party",LATUR,MAHARASHTRA,547140
"SURENDRAJEET SINGH AHLUWALIA","Bharatiya Janata Party",ASANSOL,"WEST BENGAL",546081
"RAM VITTHAL SATPUTE","Bharatiya Janata Party",SOLAPUR,MAHARASHTRA,546028
"S.P. MUDDAHANUMEGOWDA","Indian National Congress",TUMKUR,KARNATAKA,545352
"YASHASWINI SAHAY","Indian National Congress",RANCHI,JHARKHAND,544220
"SANTOSH KUMAR","Janata Dal  (United)",PURNIA,BIHAR,543709
"CHADIPIRALLA BHUPESH SUBBARAMI REDDY","Telugu Desam",KADAPA,"ANDHRA PRADESH",542448
"MADHAB RAJBANGSHI","Indian National Congress",DARRANG-UDALGURI,ASSAM,539375
"SHASHIKANT JAYVANTRAO SHINDE","Nationalist Congress Party – Sharadchandra Pawar",SATARA,MAHARASHTRA,538363
"SAMRAT ASHOK SINGH SARASWAR","Indian National Congress",BALAGHAT,"MADHYA PRADESH",538148
"BHAGWANTH KHUBA","Bharatiya Janata Party",BIDAR,KARNATAKA,537442
"JYOTSNA GOND","Samajwadi Party",SHAHJAHANPUR,"UTTAR PRADESH",537339
"RAJU DEONATH PARVE","Shiv Sena",RAMTEK,MAHARASHTRA,536257
"SUNITA VERMA","Samajwadi Party",MEERUT,"UTTAR PRADESH",535884
"GEETHA SHIVARAJKUMAR","Indian National Congress",SHIMOGA,KARNATAKA,535006
"SHUBHKARAN CHOUDHARY","Bharatiya Janata Party",JHUNJHUNU,RAJASTHAN,534933
"CHAUDHARY SIDDHARTH AMARSINH","Indian National Congress",BARDOLI,GUJARAT,533697
"SARMISTHA SETHI","Biju Janata Dal",JAJPUR,ODISHA,532652
"PRAVEEN SINGH ARON","Samajwadi Party",BAREILLY,"UTTAR PRADESH",532323
"KUNWAR SARVESH KUMAR","Bharatiya Janata Party",MORADABAD,"UTTAR PRADESH",531601
"NAKUL KAMALNATH","Indian National Congress",CHHINDWARA,"MADHYA PRADESH",531120
"PIYA SAHA","Bharatiya Janata Party",BOLPUR,"WEST BENGAL",528380
"RAM KRIPAL YADAV","Bharatiya Janata Party",PATLIPUTRA,BIHAR,528109
"RAMSWAROOP KOLI","Bharatiya Janata Party",BHARATPUR,RAJASTHAN,527907
"SAROJ PANDEY","Bharatiya Janata Party",KORBA,CHHATTISGARH,526899
"MOHAN LAL BADOLI","Bharatiya Janata Party",SONIPAT,HARYANA,526866
"HAFIZ RASHID AHMED CHOUDHURY","Indian National Congress",KARIMGANJ,ASSAM,526733
"SITA MURMU","Bharatiya Janata Party",DUMKA,JHARKHAND,524843
"ARUP MOHAN PATNAIK","Biju Janata Dal",PURI,ODISHA,524621
"AJAY KUMAR","Bharatiya Janata Party",KHERI,"UTTAR PRADESH",523036
"AMIT CHAVDA","Indian National Congress",ANAND,GUJARAT,522545
"CHAITARBHAI DAMJIBHAI VASAVA","Aam Aadmi Party",BHARUCH,GUJARAT,522461
"ABINASH SAMAL","Biju Janata Dal",DHENKANAL,ODISHA,522154
"CHAUDHARI TUSHAR AMARSINH","Indian National Congress",SABARKANTHA,GUJARAT,521636
"DEBTANU BHATTACHARYA","Bharatiya Janata Party",BIRBHUM,"WEST BENGAL",520311
"VENUMBAKA VIJAYASAI REDDY","Yuvajana Sramika Rythu Congress Party",NELLORE,"ANDHRA PRADESH",520300
"KILARI VENKATA ROSAIAH","Yuvajana Sramika Rythu Congress Party",GUNTUR,"ANDHRA PRADESH",520253
"RAJENDRA SAHU","Indian National Congress",DURG,CHHATTISGARH,518271
"MD SALIM","Communist Party of India  (Marxist)",MURSHIDABAD,"WEST BENGAL",518227
"VIKAS THAKRE","Indian National Congress",NAGPUR,MAHARASHTRA,517424
"DULAL CHANDRA GOSWAMI","Janata Dal  (United)",KATIHAR,BIHAR,517229
"RAJAN BABURAO VICHARE","Shiv Sena (Uddhav Balasaheb Thackrey)",THANE,MAHARASHTRA,517220
"DOLLY SHARMA","Indian National Congress",GHAZIABAD,"UTTAR PRADESH",517205
"DR SUSHIL GUPTA","Aam Aadmi Party",KURUKSHETRA,HARYANA,513154
"KESINENI SRINIVAS  (NANI)","Yuvajana Sramika Rythu Congress Party",VIJAYAWADA,"ANDHRA PRADESH",512069
"SANGEETA BENIWAL","Indian National Congress",PALI,RAJASTHAN,512038
"GOVINDRAM MEGHWAL","Indian National Congress",BIKANER,RAJASTHAN,511026
"NANDIGAM SURESH BABU","Yuvajana Sramika Rythu Congress Party",BAPATLA,"ANDHRA PRADESH",509462
"KUMARAGURU R","All India Anna Dravida Munnetra Kazhagam",KALLAKURICHI,"TAMIL NADU",507805
"RANJIT SINGH","Bharatiya Janata Party",HISAR,HARYANA,507043
"SATYAJEET BABASAHEB PATIL (AABA) SARUDKAR","Shiv Sena (Uddhav Balasaheb Thackrey)",HATKANANGALE,MAHARASHTRA,506764
"DIVYANSHU BUDHIRAJA","Indian National Congress",KARNAL,HARYANA,506708
"NAVNEET RAVI RANA","Bharatiya Janata Party",AMRAVATI,MAHARASHTRA,506540
"CHALLA VAMSHI CHAND REDDY","Indian National Congress",MAHBUBNAGAR,TELANGANA,506247
"ARUNUDAY PAULCHOWDHURY","Bharatiya Janata Party",ULUBERIA,"WEST BENGAL",505949
"RAJRANI RAWAT","Bharatiya Janata Party",BARABANKI,"UTTAR PRADESH",504223
"RAJENDRA RADHAKISHAN MALVIYA","Indian National Congress",DEWAS,"MADHYA PRADESH",503716
"RANJEETSINGH HINDURAO NAIK NIMBALKAR","Bharatiya Janata Party",MADHA,MAHARASHTRA,501376
"SIMHADRI CHANDRA SEKHAR RAO","Yuvajana Sramika Rythu Congress Party",MACHILIPATNAM,"ANDHRA PRADESH",501260
"GOPAL LAMA","All India Trinamool Congress",DARJEELING,"WEST BENGAL",500806
"RAJSHRITAI HEMANT PATIL (MAHALLE)","Shiv Sena","YAVATMAL- WASHIM",MAHARASHTRA,500334
"CHALAMALASETTY SUNIL","Yuvajana Sramika Rythu Congress Party",KAKINADA,"ANDHRA PRADESH",500208
"LALLU SINGH","Bharatiya Janata Party",FAIZABAD,"UTTAR PRADESH",499722
"KABIR SHANKAR BOSE","Bharatiya Janata Party",SRERAMPUR,"WEST BENGAL",499140
"ANJANA UDAILAL","Indian National Congress",CHITTORGARH,RAJASTHAN,498325
"DANVE RAOSAHEB DADARAO","Bharatiya Janata Party",JALNA,MAHARASHTRA,497939
"VIGNESH P","All India Anna Dravida Munnetra Kazhagam",SALEM,"TAMIL NADU",495728
"URMILA JAIN “BHAYA”","Indian National Congress",JHALAWAR-BARAN,RAJASTHAN,494387
"SHIVESH KUMAR","Bharatiya Janata Party",SASARAM,BIHAR,493847
"BELLANA CHANDRASEKHAR","Yuvajana Sramika Rythu Congress Party",VIZIANAGARAM,"ANDHRA PRADESH",493762
"KALYANI KRISHNA","All India Trinamool Congress",RAIGANJ,"WEST BENGAL",492700
"VIRENDRA RAWAT","Indian National Congress",HARIDWAR,UTTARAKHAND,489752
"KUNWAR PUSHPENDRA SINGH CHANDEL","Bharatiya Janata Party",HAMIRPUR,"UTTAR PRADESH",488054
"DR. GUDURI SRINIVAS","Yuvajana Sramika Rythu Congress Party",RAJAHMUNDRY,"ANDHRA PRADESH",487376
"BIJENDRA SINGH","Samajwadi Party",ALIGARH,"UTTAR PRADESH",486187
"DR. NAVAL KISHOR SHAKYA","Samajwadi Party",FARRUKHABAD,"UTTAR PRADESH",485285
"SURENDRA SINGH BHOI","Biju Janata Dal",BOLANGIR,ODISHA,485080
"RAGHAV LAKHANPAL","Bharatiya Janata Party",SAHARANPUR,"UTTAR PRADESH",483425
"JEEVANREDDY THATIPARTHI","Indian National Congress",NIZAMABAD,TELANGANA,483077
"KAJAL NISHAD","Samajwadi Party",GORAKHPUR,"UTTAR PRADESH",482308
"B. B. PATIL","Bharatiya Janata Party",ZAHIRABAD,TELANGANA,482230
"MANJULATA MANDAL","Biju Janata Dal",BHADRAK,ODISHA,481775
"MAMTA BHUIYAN","Rashtriya Janata Dal",PALAMAU,JHARKHAND,481555
"ADVOCATE ARUN SHRIVASTAVA","Indian National Congress",BHOPAL,"MADHYA PRADESH",479610
"RAVIDAS MEHROTRA","Samajwadi Party",LUCKNOW,"UTTAR PRADESH",477550
"ATHRAM SUGUNA","Indian National Congress",ADILABAD,TELANGANA,477516
"VIJAY KUMAR SHUKLA","Rashtriya Janata Dal",VAISHALI,BIHAR,477409
"MANMATH KUMAR ROUTRAY","Biju Janata Dal",BHUBANESWAR,ODISHA,477367
"DHANURJAYA SIDU","Biju Janata Dal",KEONJHAR,ODISHA,476881
"TARACHAND MEENA","Indian National Congress",UDAIPUR,RAJASTHAN,476678
"DHARMENDRA KASHYAP","Bharatiya Janata Party",AONLA,"UTTAR PRADESH",476546
"BHANU PRATAP SINGH VERMA","Bharatiya Janata Party",JALAUN,"UTTAR PRADESH",476282
"ASHOK  MAHADEORAO NETE","Bharatiya Janata Party",GADCHIROLI,MAHARASHTRA,476096
"VIKAS UPADHYAY","Indian National Congress",RAIPUR,CHHATTISGARH,475066
"SANTRUPT MISRA","Biju Janata Dal",CUTTACK,ODISHA,474524
"SOWMYA REDDY","Indian National Congress","BANGALORE SOUTH",KARNATAKA,473747
"RAJARAM PAL","Samajwadi Party",AKBARPUR,"UTTAR PRADESH",473078
"K. JAYAPRAKASH HEGDE","Indian National Congress","UDUPI CHIKMAGALUR",KARNATAKA,473059
"PRANAB PRAKASH DAS","Biju Janata Dal",SAMBALPUR,ODISHA,472326
"PHOOL SINGH BARAIYA","Indian National Congress",BHIND,"MADHYA PRADESH",472225
"SANJAY (KAKA) PATIL","Bharatiya Janata Party",SANGLI,MAHARASHTRA,471613
"SUBRAT PATHAK","Bharatiya Janata Party",KANNAUJ,"UTTAR PRADESH",471370
"REKHA PATRA","Bharatiya Janata Party",BASIRHAT,"WEST BENGAL",470215
"AKHILESH PRATAP SINGH","Indian National Congress",DEORIA,"UTTAR PRADESH",469699
"R. K. SINGH","Bharatiya Janata Party",ARRAH,BIHAR,469574
"CHIKHALIKAR PRATAPRAO GOVINDRAO","Bharatiya Janata Party",NANDED,MAHARASHTRA,469452
"KUMARI ANITA","Rashtriya Janata Dal",MUNGER,BIHAR,469276
"RAMU TEKAM","Indian National Congress",BETUL,"MADHYA PRADESH",468475
"JANKAR MAHADEV JAGANNATH","Rashtriya Samaj Paksha",PARBHANI,MAHARASHTRA,467282
"NIRANJAN JYOTI","Bharatiya Janata Party",FATEHPUR,"UTTAR PRADESH",467129
"DURVIJAY SINGH SHAKYA","Bharatiya Janata Party",BADAUN,"UTTAR PRADESH",466864
"SAMIR KUMAR MOHANTY","Jharkhand Mukti Morcha",JAMSHEDPUR,JHARKHAND,466392
"DA KUMAR CHANDRADEEP","Rashtriya Janata Dal",MADHEPURA,BIHAR,466115
"BUDI MUTYALA NAIDU","Yuvajana Sramika Rythu Congress Party",ANAKAPALLE,"ANDHRA PRADESH",465539
"ASHOK TANWAR","Bharatiya Janata Party",SIRSA,HARYANA,465326
"PARINITA MISHRA","Biju Janata Dal",BARGARH,ODISHA,464692
"ARJUN RAY","Rashtriya Janata Dal",SITAMARHI,BIHAR,464363
"DR. BHARATI PRAVIN PAWAR","Bharatiya Janata Party",DINDORI,MAHARASHTRA,464140
"NEETU SATYAPAL SINGH SIKARWAR","Indian National Congress",MORENA,"MADHYA PRADESH",462947
"VIKRAMADITYA SINGH","Indian National Congress",MANDI,"HIMACHAL PRADESH",462267
"UDAY SHANKAR HAZARIKA","Indian National Congress",LAKHIMPUR,ASSAM,461865
"DHANGEKAR RAVINDRA HEMRAJ","Indian National Congress",PUNE,MAHARASHTRA,461690
"AJAY RAI","Indian National Congress",VARANASI,"UTTAR PRADESH",460457
"MAHESH PARMAR","Indian National Congress",UJJAIN,"MADHYA PRADESH",460244
"DR. ANIRBAN GANGULY","Bharatiya Janata Party",JADAVPUR,"WEST BENGAL",459698
"MOHAMMED BADRUDDIN AJMAL","All India United Democratic Front",DHUBRI,ASSAM,459409
"USHA VERMA","Samajwadi Party",HARDOI,"UTTAR PRADESH",458942
"PRADEEP KUMAR","Bharatiya Janata Party",KAIRANA,"UTTAR PRADESH",458897
"ROHINI ACHARYA","Rashtriya Janata Dal",SARAN,BIHAR,458091
"MUNGANTIWAR SUDHIR SACCHIDANAND","Bharatiya Janata Party",CHANDRAPUR,MAHARASHTRA,458004
"SILBHADRA DATTA","Bharatiya Janata Party","DUM DUM","WEST BENGAL",457919
"ANUPAMA SINGH","Indian National Congress",DHANBAD,JHARKHAND,457589
"DR RATHIN CHAKRAVARTY","Bharatiya Janata Party",HOWRAH,"WEST BENGAL",457051
"ALOK KUMAR MEHTA","Rashtriya Janata Dal",UJIARPUR,BIHAR,455863
"ARJUN SINGH","Bharatiya Janata Party",BARRACKPUR,"WEST BENGAL",455793
"RAPAKA VARAPRASADA RAO","Yuvajana Sramika Rythu Congress Party",AMALAPURAM,"ANDHRA PRADESH",454785
"GODSE HEMANT TUKARAM","Shiv Sena",NASHIK,MAHARASHTRA,454728
"RAMESH CHANDRA","Samajwadi Party",BAHARAICH,"UTTAR PRADESH",454575
"DR RAJESH KUMAR","Vikassheel Insaan Party","PURVI CHAMPARAN",BIHAR,453906
"VISHWADEEP SINGH","Bharatiya Janata Party",FIROZABAD,"UTTAR PRADESH",453725
"C P JOSHI","Indian National Congress",BHILWARA,RAJASTHAN,453034
"DR. MAHENDRA NATH  PANDEY","Bharatiya Janata Party",CHANDAULI,"UTTAR PRADESH",452911
"AMOL GAJANAN KIRTIKAR","Shiv Sena (Uddhav Balasaheb Thackrey)","MUMBAI NORTH WEST",MAHARASHTRA,452596
"RAMDAS CHANDRABHAN TADAS","Bharatiya Janata Party",WARDHA,MAHARASHTRA,451458
"ANNAMALAI K","Bharatiya Janata Party",COIMBATORE,"TAMIL NADU",450132
"PARMESHWAR LAL SAINI","Bharatiya Janata Party",SAMBHAL,"UTTAR PRADESH",449667
"PRASUN BANERJEE","All India Trinamool Congress","MALDAHA UTTAR","WEST BENGAL",449315
"JOTVA HIRABHAI ARJANBHAI","Indian National Congress",JUNAGADH,GUJARAT,448555
"AMAR NATH SINGH MAURYA","Samajwadi Party",PHULPUR,"UTTAR PRADESH",448268
"KUNWAR DANISH ALI","Indian National Congress",AMROHA,"UTTAR PRADESH",447836
"RAJVEER SINGH (RAJU BHAIYA)","Bharatiya Janata Party",ETAH,"UTTAR PRADESH",447756
"RITU JAISWAL","Rashtriya Janata Dal",SHEOHAR,BIHAR,447469
"CH LAL SINGH","Indian National Congress",UDHAMPUR,"JAMMU & KASHMIR",446703
"SANJEEV KUMAR BALYAN","Bharatiya Janata Party",MUZAFFARNAGAR,"UTTAR PRADESH",446049
"SHIV CHANDRA RAM","Rashtriya Janata Dal",HAJIPUR,BIHAR,445613
"DILIP SINGH GURJAR","Indian National Congress",MANDSOUR,"MADHYA PRADESH",445106
"DR. ANJALI NIMBALKAR","Indian National Congress","UTTARA KANNADA",KARNATAKA,445067
"SREERUPA MITRA CHAUDHURY (NIRBHAYA DIDI)","Bharatiya Janata Party","MALDAHA DAKSHIN","WEST BENGAL",444027
"MADAN MOHAN TIWARI","Indian National Congress","PASCHIM CHAMPARAN",BIHAR,443853
"K K SHAILAJA TEACHER","Communist Party of India  (Marxist)",VADAKARA,KERALA,443022
"BHAGWAT SARAN GANGWAR","Samajwadi Party",PILIBHIT,"UTTAR PRADESH",442223
"SANGITA RAJVANSHI","Samajwadi Party",MISRIKH,"UTTAR PRADESH",441610
"RAJESH VERMA","Bharatiya Janata Party",SITAPUR,"UTTAR PRADESH",441497
"ADHIR RANJAN CHOWDHURY","Indian National Congress",BAHARAMPUR,"WEST BENGAL",439494
"REKHA VERMA","Bharatiya Janata Party",DHAURAHRA,"UTTAR PRADESH",439294
"DR. ARVIND KUMAR SHARMA","Bharatiya Janata Party",ROHTAK,HARYANA,438280
"PRAKASH JOSHI","Indian National Congress","NAINITAL-UDHAMSINGH NAGAR",UTTARAKHAND,438123
"KAMPA BORGOYARI","Bodoland Peoples Front",KOKRAJHAR,ASSAM,437412
"TALA MARANDI","Bharatiya Janata Party",RAJMAHAL,JHARKHAND,435107
"AJAY PRATAP SINGH URF PINTU SAITHWAR","Samajwadi Party","KUSHI NAGAR","UTTAR PRADESH",434555
"ANSHUL AVIJIT","Indian National Congress","PATNA SAHIB",BIHAR,434424
"SAKET MISRA","Bharatiya Janata Party",SHRAWASTI,"UTTAR PRADESH",434382
"RAMESH CHAND BIND","Samajwadi Party",MIRZAPUR,"UTTAR PRADESH",433821
"KAPIL MORESHWAR PATIL","Bharatiya Janata Party",BHIWANDI,MAHARASHTRA,433343
"TAMILMANI S","All India Anna Dravida Munnetra Kazhagam",NAMAKKAL,"TAMIL NADU",432924
"DR RAM SHANKAR KATHERIA","Bharatiya Janata Party",ETAWAH,"UTTAR PRADESH",432328
"NEELAM MADHU","Indian National Congress",MEDAK,TELANGANA,432078
"AJEET SHARMA","Indian National Congress",BHAGALPUR,BIHAR,431163
"INDU DEVI","Bharatiya Janata Party",KARAULI-DHOLPUR,RAJASTHAN,431066
"UMABALA GUDURI","Yuvajana Sramika Rythu Congress Party",NARSAPURAM,"ANDHRA PRADESH",430541
"ADV UJWAL NIKAM","Bharatiya Janata Party","MUMBAI NORTH CENTRAL",MAHARASHTRA,429031
"Vinod Sultanpuri","Indian National Congress",SHIMLA,"HIMACHAL PRADESH",428297
"DEBASREE CHAUDHURI","Bharatiya Janata Party","KOLKATA DAKSHIN","WEST BENGAL",428043
"SHREYA VERMA","Samajwadi Party",GONDA,"UTTAR PRADESH",428034
"MURTOJA HOSSAIN BOKUL","Indian National Congress",JANGIPUR,"WEST BENGAL",427790
"JAI PRAKASH AGARWAL","Indian National Congress","CHANDNI CHOWK",DELHI,427171
"AAKASH KUMAR SINGH","Indian National Congress",MAHARAJGANJ,BIHAR,426882
"TILAK PERADA","Yuvajana Sramika Rythu Congress Party",SRIKAKULAM,"ANDHRA PRADESH",426427
"KOTHAPALLI GEETHA","Bharatiya Janata Party",ARAKU,"ANDHRA PRADESH",426425
"LOKHANDE SADASHIV KISAN","Shiv Sena",SHIRDI,MAHARASHTRA,426371
"HARISH CHANDRA ALIAS HARISH DWIVEDI","Bharatiya Janata Party",BASTI,"UTTAR PRADESH",426011
"ANANT GEETE","Shiv Sena (Uddhav Balasaheb Thackrey)",RAIGAD,MAHARASHTRA,425568
"SADAL PRASAD","Indian National Congress",BANSGAON,"UTTAR PRADESH",425543
"CHANDRAHAS CHAUPAL","Rashtriya Janata Dal",SUPAUL,BIHAR,425235
"DEEPAK YADAV","Rashtriya Janata Dal","VALMIKI NAGAR",BIHAR,424747
"SATPAL RAIZADA","Indian National Congress",HAMIRPUR,"HIMACHAL PRADESH",424711
"ASHOK KANDARY","Bharatiya Janata Party",JOYNAGAR,"WEST BENGAL",424093
"NEERAJ SHEKHAR","Bharatiya Janata Party",BALLIA,"UTTAR PRADESH",423684
"DANAM NAGENDER","Indian National Congress",SECUNDERABAD,TELANGANA,423068
"KARAN BALASAHEB PATIL - PAWAR","Shiv Sena (Uddhav Balasaheb Thackrey)",JALGAON,MAHARASHTRA,422834
"BHAGAT RAM","Samajwadi Party",KAISERGANJ,"UTTAR PRADESH",422420
"ALOK MISRA","Indian National Congress",KANPUR,"UTTAR PRADESH",422087
"MIHIR CHANDRAKANT KOTECHA","Bharatiya Janata Party","MUMBAI NORTH EAST",MAHARASHTRA,421076
"BHISHMA SHANKAR ALIAS KUSHAL TIWARI","Samajwadi Party",DOMARIYAGANJ,"UTTAR PRADESH",420575
"ARCHANA RANAJAGJITSINH PATIL","Nationalist Congress Party",OSMANABAD,MAHARASHTRA,418906
"BHARTI BHARAT KAMDI","Shiv Sena (Uddhav Balasaheb Thackrey)",PALGHAR,MAHARASHTRA,417938
"RAMCHANDRA CHOUDHARY","Indian National Congress",AJMER,RAJASTHAN,417471
"LEKHASRI SAMANTSINGHAR","Biju Janata Dal",BALASORE,ODISHA,416709
"ABHAY KASHINATH PATIL","Indian National Congress",AKOLA,MAHARASHTRA,416404
"LALITESHPATI TRIPATHI","All India Trinamool Congress",BHADOHI,"UTTAR PRADESH",415910
"BHOLANATH (B.P. SAROJ)","Bharatiya Janata Party",MACHHLISHAHR,"UTTAR PRADESH",415442
"PARS NATH RAI","Bharatiya Janata Party",GHAZIPUR,"UTTAR PRADESH",415051
"VINOD KUMAR SINGH","Communist Party of India  (Marxist-Leninist)  (Liberation)",KODARMA,JHARKHAND,414643
"LURINJYOTI GOGOI","Assam Jatiya Parishad",DIBRUGARH,ASSAM,414441
"PREMLAL GANJU","Indian National Congress",SONITPUR,ASSAM,414380
"SOWMIYA ANBUMANI","Pattali Makkal Katchi",DHARMAPURI,"TAMIL NADU",411367
"LAMBODAR NIAL","Biju Janata Dal",KALAHANDI,ODISHA,410490
"KRIPASHANKAR SINGH","Bharatiya Janata Party",JAUNPUR,"UTTAR PRADESH",409795
"M.V. JAYARAJAN","Communist Party of India  (Marxist)",KANNUR,KERALA,409542
"KANHAIYA LAL MEENA","Bharatiya Janata Party",DAUSA,RAJASTHAN,408926
"MITHILESH TIWARI","Bharatiya Janata Party",BUXAR,BIHAR,408254
"RUTVIKBHAI LAVJIBHAI MAKWANA","Indian National Congress",SURENDRANAGAR,GUJARAT,408132
"RITESH PANDEY","Bharatiya Janata Party","AMBEDKAR NAGAR","UTTAR PRADESH",407712
"DR. BOORA NARSAIAH GOUD","Bharatiya Janata Party",BHONGIR,TELANGANA,406973
"PRAVIN KUMAR NISHAD","Bharatiya Janata Party","SANT KABIR NAGAR","UTTAR PRADESH",406525
"BHAGYARAJ. J","All India Anna Dravida Munnetra Kazhagam",VILUPPURAM,"TAMIL NADU",406330
"VINOD KUMAR SONKAR","Bharatiya Janata Party",KAUSHAMBI,"UTTAR PRADESH",405843
"NEERAJ TRIPATHI","Bharatiya Janata Party",ALLAHABAD,"UTTAR PRADESH",403350
"JHANSI LAKSHMI. BOTCHA.","Yuvajana Sramika Rythu Congress Party",VISAKHAPATNAM,"ANDHRA PRADESH",403220
"KAWASI LAKHMA","Indian National Congress",BASTAR,CHHATTISGARH,403153
"JAI PRAKASH NARAYAN YADAV","Rashtriya Janata Dal",BANKA,BIHAR,402834
"RAMNATH SINGH SIKARWAR","Indian National Congress","FATEHPUR SIKRI","UTTAR PRADESH",402252
"RAVINDAR KUSHAWAHA","Bharatiya Janata Party",SALEMPUR,"UTTAR PRADESH",401899
"CHANDRAHASAN M","All India Anna Dravida Munnetra Kazhagam",CHIDAMBARAM,"TAMIL NADU",401530
"MD ALI ASHRAF FATMI","Rashtriya Janata Dal",MADHUBANI,BIHAR,401483
"MANEKA SANJAY GANDHI","Bharatiya Janata Party",SULTANPUR,"UTTAR PRADESH",401156
"VINAYAK BHAURAO RAUT","Shiv Sena (Uddhav Balasaheb Thackrey)","RATNAGIRI- SINDHUDURG",MAHARASHTRA,400656
"SUKHRAMBHAI HARIYABHAI RATHWA","Indian National Congress","CHHOTA UDAIPUR",GUJARAT,397812
"ARCHANA KUMARI","Rashtriya Janata Dal",JAMUI,BIHAR,396564
"ACHYUTANANDA SAMANTA","Biju Janata Dal",KANDHAMAL,ODISHA,395044
"RANJITA SAHU","Biju Janata Dal",ASKA,ODISHA,394252
"GHANSHYAM SINGH LODHI","Bharatiya Janata Party",RAMPUR,"UTTAR PRADESH",394069
"PRADEEP KUMAR MAJHI","Biju Janata Dal",NABARANGPUR,ODISHA,393860
"KUMAR SARVJEET","Rashtriya Janata Dal",GAYA,BIHAR,393148
"SUNNY HAZARI","Indian National Congress",SAMASTIPUR,BIHAR,392535
"NITESH PARBATBHAI LALAN (MATANG)","Indian National Congress",KACHCHH,GUJARAT,390792
"DR. SANDEEP SAURAV","Communist Party of India  (Marxist-Leninist)  (Liberation)",NALANDA,BIHAR,390308
"M.V BALAKRISHNAN MASTER","Communist Party of India  (Marxist)",KASARAGOD,KERALA,390010
"DR. DAMODAR GURJAR","Indian National Congress",RAJSAMAND,RAJASTHAN,388980
"LALIT KUMAR YADAV","Rashtriya Janata Dal",DARBHANGA,BIHAR,388474
"SURYA KANTA SARKAR","Indian National Congress",SILCHAR,ASSAM,388094
"KALUSINH DABHI","Indian National Congress",KHEDA,GUJARAT,386677
"SUSHIL KUMAR SINGH","Bharatiya Janata Party",AURANGABAD,BIHAR,386456
"AJAY NISHAD","Indian National Congress",MUZAFFARPUR,BIHAR,384822
"PREM NATH CHANCHAL ALIAS CHANCHAL PASWAN","Vikassheel Insaan Party",GOPALGANJ,BIHAR,384686
"BABURAO KADAM KOHALIKAR","Shiv Sena",HINGOLI,MAHARASHTRA,383933
"RAMYA HARIDAS","Indian National Congress",ALATHUR,KERALA,383336
"YADVENDRA RAO DESHRAJ SINGH","Indian National Congress",GUNA,"MADHYA PRADESH",382373
"ADVOCATE J. P. MARAVIYA","Indian National Congress",JAMNAGAR,GUJARAT,382041
"ANAND SHARMA","Indian National Congress",KANGRA,"HIMACHAL PRADESH",380898
"VIJAYAPRABHAKARAN V","Desiya Murpokku Dravida Kazhagam",VIRUDHUNAGAR,"TAMIL NADU",380877
"VAISHALI DAREKAR - RANE","Shiv Sena (Uddhav Balasaheb Thackrey)",KALYAN,MAHARASHTRA,380492
"SANJAY SHARMA SANJU BHAIYA","Indian National Congress",HOSHANGABAD,"MADHYA PRADESH",380451
"JAI PRAKASH BHAI PATEL","Indian National Congress",HAZARIBAGH,JHARKHAND,377927
"SANJAY KUMAR","Communist Party of India  (Marxist)",KHAGARIA,BIHAR,377526
"KAMLESHWAR INDRAJIT KUMAR","Indian National Congress",SIDHI,"MADHYA PRADESH",377143
"JAYVEER SINGH","Bharatiya Janata Party",MAINPURI,"UTTAR PRADESH",376887
"SANGAM LAL GUPTA","Bharatiya Janata Party",PRATAPGARH,"UTTAR PRADESH",375726
"SOMNATH BHARTI","Aam Aadmi Party","NEW DELHI",DELHI,374815
"DABBU SIDDHARTH SUKHLAL KUSHWAHA","Indian National Congress",SATNA,"MADHYA PRADESH",374779
"ELAMARAM KAREEM","Communist Party of India  (Marxist)",KOZHIKODE,KERALA,374245
"DHANANI PARESH","Indian National Congress",RAJKOT,GUJARAT,373724
"SMRITI IRANI","Bharatiya Janata Party",AMETHI,"UTTAR PRADESH",372032
"BHARATH  PRASAD POTHUGANTI","Bharatiya Janata Party",NAGARKURNOOL,TELANGANA,370658
"MATHURA PRASAD MAHATO","Jharkhand Mukti Morcha",GIRIDIH,JHARKHAND,370259
"THANGAVEL. L","All India Anna Dravida Munnetra Kazhagam",KARUR,"TAMIL NADU",368090
DEEPAK,"Samajwadi Party",BIJNOR,"UTTAR PRADESH",366985
"SUDAM MARNDI","Biju Janata Dal",MAYURBHANJ,ODISHA,366637
"RADHAKRISHNAN P","Bharatiya Janata Party",KANNIYAKUMARI,"TAMIL NADU",366341
"RAJASEKAR. E","All India Anna Dravida Munnetra Kazhagam",KANCHEEPURAM,"TAMIL NADU",364571
"TAPAS ROY","Bharatiya Janata Party","KOLKATA UTTAR","WEST BENGAL",362136
"ARJUN MUNDA","Bharatiya Janata Party",KHUNTI,JHARKHAND,361972
"OM KUMAR","Bharatiya Janata Party",NAGINA,"UTTAR PRADESH",361079
"AROORI RAMESH","Bharatiya Janata Party",WARANGAL,TELANGANA,360955
"VELCHALA RAJENDER RAO","Indian National Congress",KARIMNAGAR,TELANGANA,359907
"SHRIRAM DAYARAM PATIL","Nationalist Congress Party – Sharadchandra Pawar",RAVER,MAHARASHTRA,358696
"ADV ARUN KUMAR C A","Communist Party of India",MAVELIKKARA,KERALA,358648
"RAMJI THAKOR","Indian National Congress",MAHESANA,GUJARAT,358360
"DILIP KUMAR TIRKEY","Biju Janata Dal",SUNDARGARH,ODISHA,355474
"DR. PRABHABEN KISHORSINH TAVIYAD","Indian National Congress",DAHOD,GUJARAT,355038
"KRISHNA NAND TRIPATHI","Indian National Congress",CHATRA,JHARKHAND,353597
"AC SHANMUGAM","Bharatiya Janata Party",VELLORE,"TAMIL NADU",352990
"GEETA KORA","Bharatiya Janata Party",SINGHBHUM,JHARKHAND,351762
"DR CHUMBEN MURRY","Nationalist Democratic Progressive Party",NAGALAND,NAGALAND,350967
"SUMAN KUMAR MAHASETH","Vikassheel Insaan Party",JHANJHARPUR,BIHAR,348863
"BHRUGU BAXIPATRA","Biju Janata Dal",BERHAMPUR,ODISHA,347626
"DINESH LAL YADAV “NIRAHUA”","Bharatiya Janata Party",AZAMGARH,"UTTAR PRADESH",347204
"ARUNACHALAM P.","All India Anna Dravida Munnetra Kazhagam",TIRUPPUR,"TAMIL NADU",346811
"A VIJAYARAGHAVAN","Communist Party of India  (Marxist)",PALAKKAD,KERALA,345886
"SRINIVAS GOMASE","Bharatiya Janata Party",PEDDAPALLE,TELANGANA,344223
"SAMIR ORAON","Bharatiya Janata Party",LOHARDAGA,JHARKHAND,343900
"V. VASEEF","Communist Party of India  (Marxist)",MALAPPURAM,KERALA,343888
"MUJAHID ALAM","Janata Dal  (United)",KISHANGANJ,BIHAR,343158
"YAMINI YASHWANT JADHAV","Shiv Sena","MUMBAI SOUTH",MAHARASHTRA,342982
"SHRAWAN KUMAR","Rashtriya Janata Dal",NAWADA,BIHAR,342938
"PANNEERSELVAM O S/O OTTAKARATHEVAR",Independent,RAMANATHAPURAM,"TAMIL NADU",342882
"RAJEEV CHANDRASEKHAR","Bharatiya Janata Party",THIRUVANANTHAPURAM,KERALA,342078
"RAHUL RAMESH SHEWALE","Shiv Sena","MUMBAI SOUTH CENTRAL",MAHARASHTRA,341754
"IMTIAZ JALEEL SYED","All India Majlis-E-Ittehadul Muslimeen",AURANGABAD,MAHARASHTRA,341480
"A. M ARIFF","Communist Party of India  (Marxist)",ALAPPUZHA,KERALA,341047
"DR. ARVIND RAJBHAR","Suheldev Bharatiya Samaj Party",GHOSI,"UTTAR PRADESH",340188
"ADV V S SUNILKUMAR","Communist Party of India",THRISSUR,KERALA,337652
"ABHIJIT DAS (BOBBY)","Bharatiya Janata Party","DIAMOND HARBOUR","WEST BENGAL",337300
"NAINAR NAGENTHRAN","Bharatiya Janata Party",TIRUNELVELI,"TAMIL NADU",336676
"RINKI SINGH","Apna Dal (Soneylal)",ROBERTSGANJ,"UTTAR PRADESH",336614
"R. K. SINGH PATEL","Bharatiya Janata Party",BANDA,"UTTAR PRADESH",335357
"PROF C RAVEENDRANATH","Communist Party of India  (Marxist)",CHALAKUDY,KERALA,330417
AMARPAL,"Samajwadi Party",BAGHPAT,"UTTAR PRADESH",329508
"SURESH CHAND KARDAM","Samajwadi Party",AGRA,"UTTAR PRADESH",328103
"V JOY","Communist Party of India  (Marxist)",ATTINGAL,KERALA,327367
"GURMEET SINGH KHUDIAN","Aam Aadmi Party",BATHINDA,PUNJAB,326902
"K.S HAMZA","Communist Party of India  (Marxist)",PONNANI,KERALA,326756
"ASHOK KUMAR","All India Anna Dravida Munnetra Kazhagam",ERODE,"TAMIL NADU",325773
"BHARAT YOGENDRA MAKWANA","Indian National Congress","AHMEDABAD WEST",GUJARAT,325267
"NEELAM SONKER","Bharatiya Janata Party",LALGANJ,"UTTAR PRADESH",324936
"MADHAVI LATHA KOMPELLA","Bharatiya Janata Party",HYDERABAD,TELANGANA,323894
"KAUSALYA HIKAKA","Biju Janata Dal",KORAPUT,ODISHA,323649
"BHUSHAN PATIL","Indian National Congress","MUMBAI NORTH",MAHARASHTRA,322538
SHIVRAM,"Indian National Congress",BULANDSHAHR,"UTTAR PRADESH",322176
"NARENDRA DAGDU KHEDEKAR","Shiv Sena (Uddhav Balasaheb Thackrey)",BULDHANA,MAHARASHTRA,320388
"CHANDRA BHUSAN SINGH BUNDELA GUDDU RAJA","Indian National Congress",SAGAR,"MADHYA PRADESH",316757
"PHUNDE LAL SINGH MARKO","Indian National Congress",SHAHDOL,"MADHYA PRADESH",313803
"KALIYAPERUMAL M","All India Anna Dravida Munnetra Kazhagam",TIRUVANNAMALAI,"TAMIL NADU",313448
"KHUMAN URF PANKAJ AHIRWAR","Indian National Congress",TIKAMGARH,"MADHYA PRADESH",311738
"HIMMATSINH PRAHLADSINH PATEL","Indian National Congress","AHMEDABAD EAST",GUJARAT,308704
"JASVEER VALMIKI","Samajwadi Party",HATHRAS,"UTTAR PRADESH",307428
"DINESH YADAV","Indian National Congress",JABALPUR,"MADHYA PRADESH",303459
"TARBAR SINGH LODHI (BANTU BHAIYA)","Indian National Congress",DAMOH,"MADHYA PRADESH",303342
"VIJAY INDER SINGLA","Indian National Congress","ANANDPUR SAHIB",PUNJAB,302371
"DR.T.M.THOMAS ISSAC","Communist Party of India  (Marxist)",PATHANAMTHITTA,KERALA,301504
"RAVNEET SINGH BITTU","Bharatiya Janata Party",LUDHIANA,PUNJAB,301282
"CHANDESHWAR PRASAD","Janata Dal  (United)",JAHANABAD,BIHAR,300444
"JAYAPRAKASH V","All India Anna Dravida Munnetra Kazhagam",KRISHNAGIRI,"TAMIL NADU",300397
"KACHUI TIMOTHY ZIMIK","Naga Peoples Front","OUTER MANIPUR",MANIPUR,299536
"NAMA NAGESWARA RAO","Bharat Rashtra Samithi",KHAMMAM,TELANGANA,299082
"ADV. JOICE GEORGE","Communist Party of India  (Marxist)",IDUKKI,KERALA,298645
"GURPREET SINGH GP","Aam Aadmi Party","FATEHGARH SAHIB",PUNJAB,298389
"DR. MAHENDRA SINGH NAGAR","Samajwadi Party","GAUTAM BUDDHA NAGAR","UTTAR PRADESH",298357
"DINESH PRATAP SINGH","Bharatiya Janata Party","RAE BARELI","UTTAR PRADESH",297619
"PRATAPBHANU SHARMA","Indian National Congress",VIDISHA,"MADHYA PRADESH",295052
"HENA SHAHAB",Independent,SIWAN,BIHAR,293651
"M MUKESH","Communist Party of India  (Marxist)",KOLLAM,KERALA,293326
"TTV DHINAKARAN","Amma Makkal Munnettra Kazagam",THENI,"TAMIL NADU",292668
"GAJENDRAN G.V.","All India Anna Dravida Munnetra Kazhagam",ARANI,"TAMIL NADU",291333
"PADHIYAR  JASHPALSINH MAHENDRASINH (BAPU)","Indian National Congress",VADODARA,GUJARAT,291063
"DR BALBIR SINGH","Aam Aadmi Party",PATIALA,PUNJAB,290785
"DR.TAMILISAI SOUNDARARAJAN","Bharatiya Janata Party","CHENNAI SOUTH","TAMIL NADU",290683
"RAJENDRA REANG","Communist Party of India  (Marxist)","TRIPURA EAST",TRIPURA,290628
"A NAMASSIVAYAM","Bharatiya Janata Party",PUDUCHERRY,PUDUCHERRY,289489
"GULABSINH SOMSINH CHAUHAN","Indian National Congress",PANCHMAHAL,GUJARAT,285237
"NEELAM ABHAY MISHRA","Indian National Congress",REWA,"MADHYA PRADESH",284085
"ANNIE RAJA","Communist Party of India",WAYANAD,KERALA,283023
"KARTHIKEYAN A","All India Anna Dravida Munnetra Kazhagam",POLLACHI,"TAMIL NADU",281335
"DINESH SINGH BABBU","Bharatiya Janata Party",GURDASPUR,PUNJAB,281182
"THOMAS CHAZHIKADAN","Kerala Congress  (M)",KOTTAYAM,KERALA,277365
"PAWAN SINGH",Independent,KARAKAT,BIHAR,274723
"G PREMKUMAR","All India Anna Dravida Munnetra Kazhagam",SRIPERUMBUDUR,"TAMIL NADU",271582
"ASISH KUMAR SAHA","Indian National Congress","TRIPURA WEST",TRIPURA,269763
"P. SIVAKOZHUNDU","Desiya Murpokku Dravida Kazhagam",CUDDALORE,"TAMIL NADU",269157
"GANESH GODIYAL","Indian National Congress",GARHWAL,UTTARAKHAND,268656
"OMAR ABDULLAH","Jammu & Kashmir National Conference",BARAMULLA,"JAMMU & KASHMIR",268339
"SONAL RAMANBHAI PATEL","Indian National Congress",GANDHINAGAR,GUJARAT,266256
"THOUNAOJAM BASANTA KUMAR SINGH","Bharatiya Janata Party","INNER MANIPUR",MANIPUR,264216
"KAVITHA MALOTH","Bharat Rashtra Samithi",MAHABUBABAD,TELANGANA,263609
"JAGDEEP SINGH KAKA BRAR","Aam Aadmi Party",FIROZPUR,PUNJAB,263384
"UMESHBHAI NARANBHAI MAKWANA","Aam Aadmi Party",BHAVNAGAR,GUJARAT,261594
"JENNY THUMMAR","Indian National Congress",AMRELI,GUJARAT,259804
"YAMINI GOMAR","Indian National Congress",HOSHIARPUR,PUNJAB,259748
"NAISHADHBHAI BHUPATBHAI  DESAI","Indian National Congress",NAVSARI,GUJARAT,257514
"L VIJAYAN","All India Anna Dravida Munnetra Kazhagam",ARAKKONAM,"TAMIL NADU",256657
"DR SURSITH SANKAR G","All India Anna Dravida Munnetra Kazhagam",NAGAPATTINAM,"TAMIL NADU",256087
"LALIT VASOYA","Indian National Congress",PORBANDAR,GUJARAT,249758
"BABU P","All India Anna Dravida Munnetra Kazhagam",MAYILADUTHURAI,"TAMIL NADU",247276
"MEHBOOBA MUFTI","Jammu & Kashmir Peoples Democratic Party",ANANTNAG-RAJOURI,"JAMMU & KASHMIR",240042
"DR MURUGAN L","Bharatiya Janata Party",NILGIRIS,"TAMIL NADU",232627
"K. J. SHINE TEACHER","Communist Party of India  (Marxist)",ERNAKULAM,KERALA,231932
"KAMLESH KUMAR","Bahujan Samaj Party",KHAJURAHO,"MADHYA PRADESH",231545
"DR K KRISHNASAMY","All India Anna Dravida Munnetra Kazhagam",TENKASI,"TAMIL NADU",229480
"KARUPPAIAH. P","All India Anna Dravida Munnetra Kazhagam",TIRUCHIRAPPALLI,"TAMIL NADU",229119
"AGATHA K SANGMA","National Peoples Party",TURA,MEGHALAYA,228678
"KARAMJIT SINGH ANMOL","Aam Aadmi Party",FARIDKOT,PUNJAB,228009
"MOHAMED MUBARAK M A","All India Anna Dravida Munnetra Kazhagam",DINDIGUL,"TAMIL NADU",226328
"Balaganapathy V. Pon","Bharatiya Janata Party",TIRUVALLUR,"TAMIL NADU",224801
"SAIDI REDDY SHANAMPUDI","Bharatiya Janata Party",NALGONDA,TELANGANA,224432
"XAVIERDASS A","All India Anna Dravida Munnetra Kazhagam",SIVAGANGA,"TAMIL NADU",222013
"RAAMA SREENIVASAN","Bharatiya Janata Party",MADURAI,"TAMIL NADU",220914
NOTA,"None of the Above",INDORE,"MADHYA PRADESH",218674
"MUKESH DHANGAR","Indian National Congress",MATHURA,"UTTAR PRADESH",216657
"KULDEEP SINGH DHALIWAL","Aam Aadmi Party",AMRITSAR,PUNJAB,214880
"SANJAY TANDON","Bharatiya Janata Party",CHANDIGARH,CHANDIGARH,214153
"CHANDRAMOHAN N D","All India Anna Dravida Munnetra Kazhagam",PERAMBALUR,"TAMIL NADU",214102
"SUSHIL KUMAR RINKU","Bharatiya Janata Party",JALANDHAR,PUNJAB,214060
"KULBIR SINGH ZIRA","Indian National Congress","KHADOOR SAHIB",PUNJAB,207310
"PALLAVI SHRINIVAS DEMPO","Bharatiya Janata Party","SOUTH GOA",GOA,204301
"VINCENT H. PALA","Indian National Congress",SHILLONG,MEGHALAYA,199168
"PRADEEP TAMTA","Indian National Congress",ALMORA,UTTARAKHAND,195070
"SUKHPAL SINGH KHAIRA","Indian National Congress",SANGRUR,PUNJAB,191525
"JOT SINGH GUNSOLA","Indian National Congress","TEHRI GARHWAL",UTTARAKHAND,190110
"J. I. KATHAR",Independent,DIPHU,ASSAM,187017
"SIVANESAN P","Desiya Murpokku Dravida Kazhagam",THANJAVUR,"TAMIL NADU",182662
VINOJ,"Bharatiya Janata Party","CHENNAI CENTRAL","TAMIL NADU",169159
"WAHEED UR REHMAN PARA","Jammu & Kashmir Peoples Democratic Party",SRINAGAR,"JAMMU & KASHMIR",168450
"R. MANOHAR","All India Anna Dravida Munnetra Kazhagam","CHENNAI NORTH","TAMIL NADU",158111
"SIVASAMY VELUMANI R","All India Anna Dravida Munnetra Kazhagam",THOOTHUKKUDI,"TAMIL NADU",147991
"RAMAKANT KHALAP","Indian National Congress","NORTH GOA",GOA,141311
"K VANLALVENA","Mizo National Front",MIZORAM,MIZORAM,140264
"BOSIRAM SIRAM","Indian National Congress","ARUNACHAL EAST","ARUNACHAL PRADESH",115160
"NABAM TUKI","Indian National Congress","ARUNACHAL WEST","ARUNACHAL PRADESH",104679
"BHARAT BASNETT","Citizen Action Party-Sikkim",SIKKIM,SIKKIM,83566
"KULDEEP RAI SHARMA","Indian National Congress","ANDAMAN & NICOBAR ISLANDS","ANDAMAN & NICOBAR ISLANDS",78040
"AJIT RAMJIBHAI MAHALA","Indian National Congress","DADAR & NAGAR HAVELI","DADRA & NAGAR HAVELI AND DAMAN & DIU",63490
"TSERING NAMGYAL","Indian National Congress",LADAKH,LADAKH,37397
"LALUBHAI BABUBHAI PATEL","Bharatiya Janata Party","DAMAN & DIU","DADRA & NAGAR HAVELI AND DAMAN & DIU",36298
"MOHAMMED FAIZAL PP","Nationalist Congress Party – Sharadchandra Pawar",LAKSHADWEEP,LAKSHADWEEP,23079
