STATE,CONSTITUENCY,WINNER,WINNER_PARTY,WINNER_VOTES,RUNNER_UP,RUNNER_UP_PARTY,RUNNER_UP_VOTES,VOTE_DIFFERENCE
MAHARASHTRA,"MUMBAI NORTH WEST","RAVINDRA DATTARAM WAIKAR","Shiv Sena",452644,"AMOL GAJANAN KIRTIKAR","Shiv Sena (Uddhav Balasaheb Thackrey)",452596,48
KERALA,ATTINGAL,"ADV ADOOR PRAKASH","Indian National Congress",328051,"V JOY","Communist Party of India  (Marxist)",327367,684
ODISHA,JAJPUR,"RABINDRA NARAYAN BEHERA","Bharatiya Janata Party",534239,"SARMISTHA SETHI","Biju Janata Dal",532652,1587
RAJASTHAN,"JAIPUR RURAL","RAO RAJENDRA SINGH","Bharatiya Janata Party",617877,"ANIL CHOPRA","Indian National Congress",616262,1615
CHHATTISGARH,KANKER,"BHOJRAJ NAG","Bharatiya Janata Party",597624,"BIRESH THAKUR","Indian National Congress",595740,1884
CHANDIGARH,CHANDIGARH,"MANISH TEWARI","Indian National Congress",216657,"SANJAY TANDON","Bharatiya Janata Party",214153,2504
"UTTAR PRADESH",HAMIRPUR,"AJENDRA SINGH LODHI","Samajwadi Party",490683,"KUNWAR PUSHPENDRA SINGH CHANDEL","Bharatiya Janata Party",488054,2629
LAKSHADWEEP,LAKSHADWEEP,"MUHAMMED HAMDULLAH SAYEED","Indian National Congress",25726,"MOHAMMED FAIZAL PP","Nationalist Congress Party – Sharadchandra Pawar",23079,2647
"UTTAR PRADESH",FARRUKHABAD,"MUKESH RAJPUT","Bharatiya Janata Party",487963,"DR. NAVAL KISHOR SHAKYA","Samajwadi Party",485285,2678
"UTTAR PRADESH",BANSGAON,"KAMLESH PASWAN","Bharatiya Janata Party",428693,"SADAL PRASAD","Indian National Congress",425543,3150
PUNJAB,FIROZPUR,"SHER SINGH GHUBAYA","Indian National Congress",266626,"JAGDEEP SINGH KAKA BRAR","Aam Aadmi Party",263384,3242
"UTTAR PRADESH",SALEMPUR,"RAMASHANKAR RAJBHAR","Samajwadi Party",405472,"RAVINDAR KUSHAWAHA","Bharatiya Janata Party",401899,3573
MAHARASHTRA,DHULE,"BACHHAV SHOBHA DINESH","Indian National Congress",583866,"BHAMRE SUBHASH RAMRAO","Bharatiya Janata Party",580035,3831
"UTTAR PRADESH",PHULPUR,"PRAVEEN PATEL","Bharatiya Janata Party",452600,"AMAR NATH SINGH MAURYA","Samajwadi Party",448268,4332
"TAMIL NADU",VIRUDHUNAGAR,"MANICKAM TAGORE B","Indian National Congress",385256,"VIJAYAPRABHAKARAN V","Desiya Murpokku Dravida Kazhagam",380877,4379
"UTTAR PRADESH",DHAURAHRA,"ANAND BHADAURIYA","Samajwadi Party",443743,"REKHA VERMA","Bharatiya Janata Party",439294,4449
TELANGANA,MAHBUBNAGAR,"ARUNA. D. K","Bharatiya Janata Party",510747,"CHALLA VAMSHI CHAND REDDY","Indian National Congress",506247,4500
"WEST BENGAL",BISHNUPUR,"KHAN SAUMITRA","Bharatiya Janata Party",680130,"SUJATA MONDAL","All India Trinamool Congress",674563,5567
"DADRA & NAGAR HAVELI AND DAMAN & DIU","DAMAN & DIU","PATEL UMESHBHAI BABUBHAI",Independent,42523,"LALUBHAI BABUBHAI PATEL","Bharatiya Janata Party",36298,6225
"WEST BENGAL",ARAMBAGH,"BAG MITALI","All India Trinamool Congress",712587,"ARUP KANTI DIGAR","Bharatiya Janata Party",706188,6399
MAHARASHTRA,BEED,"BAJRANG MANOHAR SONWANE","Nationalist Congress Party – Sharadchandra Pawar",683950,"PANKAJA GOPINATHRAO MUNDE","Bharatiya Janata Party",677397,6553
"WEST BENGAL",BALURGHAT,"SUKANTA MAJUMDAR","Bharatiya Janata Party",574996,"BIPLAB MITRA","All India Trinamool Congress",564610,10386
"UTTAR PRADESH",MEERUT,"ARUN GOVIL","Bharatiya Janata Party",546469,"SUNITA VERMA","Samajwadi Party",535884,10585
PUNJAB,"ANANDPUR SAHIB","MALVINDER SINGH KANG","Aam Aadmi Party",313217,"VIJAY INDER SINGLA","Indian National Congress",302371,10846
KERALA,MAVELIKKARA,"KODIKUNNIL SURESH","Indian National Congress",369516,"ADV ARUN KUMAR C A","Communist Party of India",358648,10868
MAHARASHTRA,HATKANANGALE,"DHAIRYASHEEL SAMBHAJIRAO MANE","Shiv Sena",520190,"SATYAJEET BABASAHEB PATIL (AABA) SARUDKAR","Shiv Sena (Uddhav Balasaheb Thackrey)",506764,13426
GOA,"SOUTH GOA","CAPTAIN  VIRIATO FERNANDES","Indian National Congress",217836,"PALLAVI SHRINIVAS DEMPO","Bharatiya Janata Party",204301,13535
BIHAR,SARAN,"RAJIV PRATAP RUDY","Bharatiya Janata Party",471752,"ROHINI ACHARYA","Rashtriya Janata Dal",458091,13661
"ANDHRA PRADESH",THIRUPATHI,"GURUMOORTHY MADDILA","Yuvajana Sramika Rythu Congress Party",632228,"VARA PRASAD RAO VELAGAPALLI","Bharatiya Janata Party",617659,14569
PUNJAB,PATIALA,"DR DHARAMVIRA GANDHI","Indian National Congress",305616,"DR BALBIR SINGH","Aam Aadmi Party",290785,14831
"UTTAR PRADESH",ALIGARH,"SATISH KUMAR GAUTAM","Bharatiya Janata Party",501834,"BIJENDRA SINGH","Samajwadi Party",486187,15647
"UTTAR PRADESH",AONLA,"NEERAJ MAURYA","Samajwadi Party",492515,"DHARMENDRA KASHYAP","Bharatiya Janata Party",476546,15969
KERALA,THIRUVANANTHAPURAM,"SHASHI THAROOR","Indian National Congress",358155,"RAJEEV CHANDRASEKHAR","Bharatiya Janata Party",342078,16077
MAHARASHTRA,"MUMBAI NORTH CENTRAL","GAIKWAD VARSHA EKNATH","Indian National Congress",445545,"ADV UJWAL NIKAM","Bharatiya Janata Party",429031,16514
"WEST BENGAL",PURULIA,"JYOTIRMAY SINGH MAHATO","Bharatiya Janata Party",578489,"SHANTIRAM MAHATO","All India Trinamool Congress",561410,17079
RAJASTHAN,JHUNJHUNU,"BRIJENDRA SINGH OLA","Indian National Congress",553168,"SHUBHKARAN CHOUDHARY","Bharatiya Janata Party",534933,18235
ASSAM,KARIMGANJ,"KRIPANATH MALLAH","Bharatiya Janata Party",545093,"HAFIZ RASHID AHMED CHOUDHURY","Indian National Congress",526733,18360
BIHAR,SASARAM,"MANOJ KUMAR","Indian National Congress",513004,"SHIVESH KUMAR","Bharatiya Janata Party",493847,19157
MAHARASHTRA,AMRAVATI,"BALWANT BASWANT WANKHADE","Indian National Congress",526271,"NAVNEET RAVI RANA","Bharatiya Janata Party",506540,19731
BIHAR,ARARIA,"PRADEEP KUMAR SINGH","Bharatiya Janata Party",600146,SHAHNAWAZ,"Rashtriya Janata Dal",580052,20094
KERALA,ALATHUR,K.RADHAKRISHNAN,"Communist Party of India  (Marxist)",403447,"RAMYA HARIDAS","Indian National Congress",383336,20111
PUNJAB,LUDHIANA,"AMRINDER SINGH RAJA WARRING","Indian National Congress",322224,"RAVNEET SINGH BITTU","Bharatiya Janata Party",301282,20942
"UTTAR PRADESH",KANPUR,"RAMESH AWASTHI","Bharatiya Janata Party",443055,"ALOK MISRA","Indian National Congress",422087,20968
"TAMIL NADU",DHARMAPURI,"MANI. A.","Dravida Munnetra Kazhagam",432667,"SOWMIYA ANBUMANI","Pattali Makkal Katchi",411367,21300
ODISHA,KANDHAMAL,"SUKANTA KUMAR PANIGRAHI","Bharatiya Janata Party",416415,"ACHYUTANANDA SAMANTA","Biju Janata Dal",395044,21371
"UTTAR PRADESH",CHANDAULI,"BIRENDRA SINGH","Samajwadi Party",474476,"DR. MAHENDRA NATH  PANDEY","Bharatiya Janata Party",452911,21565
HARYANA,SONIPAT,"SATPAL BRAHAMCHARI","Indian National Congress",548682,"MOHAN LAL BADOLI","Bharatiya Janata Party",526866,21816
JHARKHAND,DUMKA,"NALIN SOREN","Jharkhand Mukti Morcha",547370,"SITA MURMU","Bharatiya Janata Party",524843,22527
BIHAR,PURNIA,"RAJESH RANJAN ALIAS PAPPU YADAV",Independent,567556,"SANTOSH KUMAR","Janata Dal  (United)",543709,23847
"ANDAMAN & NICOBAR ISLANDS","ANDAMAN & NICOBAR ISLANDS","BISHNU PADA RAY","Bharatiya Janata Party",102436,"KULDEEP RAI SHARMA","Indian National Congress",78040,24396
"UTTAR PRADESH",MUZAFFARNAGAR,"HARENDRA SINGH MALIK","Samajwadi Party",470721,"SANJEEV KUMAR BALYAN","Bharatiya Janata Party",446049,24672
KARNATAKA,DAVANAGERE,"DR. PRABHA MALLIKARJUN","Indian National Congress",633059,"GAYITHRI SIDDESHWARA","Bharatiya Janata Party",606965,26094
"WEST BENGAL",MEDINIPUR,"JUNE MALIAH","All India Trinamool Congress",702192,"AGNIMITRA PAUL","Bharatiya Janata Party",675001,27191
KARNATAKA,GULBARGA,RADHAKRISHNA,"Indian National Congress",652321,"DR. UMESH G JADHAV","Bharatiya Janata Party",625116,27205
"UTTAR PRADESH",HARDOI,"JAI PRAKASH","Bharatiya Janata Party",486798,"USHA VERMA","Samajwadi Party",458942,27856
LADAKH,LADAKH,"MOHMAD HANEEFA",Independent,65259,"TSERING NAMGYAL","Indian National Congress",37397,27862
"UTTAR PRADESH",ETAH,"DEVESH SHAKYA","Samajwadi Party",475808,"RAJVEER SINGH (RAJU BHAIYA)","Bharatiya Janata Party",447756,28052
"UTTAR PRADESH",AMROHA,"KANWAR SINGH TANWAR","Bharatiya Janata Party",476506,"KUNWAR DANISH ALI","Indian National Congress",447836,28670
MAHARASHTRA,AHMEDNAGAR,"NILESH DNYANDEV LANKE","Nationalist Congress Party – Sharadchandra Pawar",624797,"DR. SUJAY RADHAKRISHNA VIKHEPATIL","Bharatiya Janata Party",595868,28929
HARYANA,KURUKSHETRA,"NAVEEN JINDAL","Bharatiya Janata Party",542175,"DR SUSHIL GUPTA","Aam Aadmi Party",513154,29021
"TAMIL NADU",NAMAKKAL,"MATHESWARAN V S","Dravida Munnetra Kazhagam",462036,"TAMILMANI S","All India Anna Dravida Munnetra Kazhagam",432924,29112
BIHAR,SHEOHAR,"LOVELY ANAND","Janata Dal  (United)",476612,"RITU JAISWAL","Rashtriya Janata Dal",447469,29143
MAHARASHTRA,BULDHANA,"JADHAV PRATAPRAO GANPATRAO","Shiv Sena",349867,"NARENDRA DAGDU KHEDEKAR","Shiv Sena (Uddhav Balasaheb Thackrey)",320388,29479
MAHARASHTRA,"MUMBAI NORTH EAST","SANJAY DINA PATIL","Shiv Sena (Uddhav Balasaheb Thackrey)",450937,"MIHIR CHANDRAKANT KOTECHA","Bharatiya Janata Party",421076,29861
BIHAR,BUXAR,"SUDHAKAR SINGH","Rashtriya Janata Dal",438345,"MITHILESH TIWARI","Bharatiya Janata Party",408254,30091
GUJARAT,BANASKANTHA,"GENIBEN NAGAJI THAKOR","Indian National Congress",671883,"DR. REKHABEN HITESHBHAI CHAUDHARI","Bharatiya Janata Party",641477,30406
"ARUNACHAL PRADESH","ARUNACHAL EAST","TAPIR GAO","Bharatiya Janata Party",145581,"BOSIRAM SIRAM","Indian National Congress",115160,30421
GUJARAT,PATAN,"DABHI  BHARATSINHJI  SHANKARJI","Bharatiya Janata Party",591947,"CHANDANJI TALAJI THAKOR","Indian National Congress",560071,31876
KARNATAKA,"BANGALORE CENTRAL","P C MOHAN","Bharatiya Janata Party",658915,"MANSOOR ALI KHAN","Indian National Congress",626208,32707
MAHARASHTRA,SATARA,"SHRIMANT CHH UDAYANRAJE PRATAPSINHAMAHARAJ BHONSLE","Bharatiya Janata Party",571134,"SHASHIKANT JAYVANTRAO SHINDE","Nationalist Congress Party – Sharadchandra Pawar",538363,32771
"WEST BENGAL",BANKURA,"ARUP CHAKRABORTY","All India Trinamool Congress",641813,"DR. SUBHAS SARKAR","Bharatiya Janata Party",609035,32778
"UTTAR PRADESH",FATEHPUR,"NARESH CHANDRA UTTAM PATEL","Samajwadi Party",500328,"NIRANJAN JYOTI","Bharatiya Janata Party",467129,33199
"UTTAR PRADESH",MISRIKH,"ASHOK KUMAR RAWAT","Bharatiya Janata Party",475016,"SANGITA RAJVANSHI","Samajwadi Party",441610,33406
PUNJAB,"FATEHGARH SAHIB","AMAR SINGH","Indian National Congress",332591,"GURPREET SINGH GP","Aam Aadmi Party",298389,34202
"UTTAR PRADESH",KHERI,"UTKARSH VERMA  MADHUR","Samajwadi Party",557365,"AJAY KUMAR","Bharatiya Janata Party",523036,34329
"UTTAR PRADESH",BAREILLY,"CHHATRA PAL SINGH GANGWAR","Bharatiya Janata Party",567127,"PRAVEEN SINGH ARON","Samajwadi Party",532323,34804
"UTTAR PRADESH",DEORIA,"SHASHANK MANI","Bharatiya Janata Party",504541,"AKHILESH PRATAP SINGH","Indian National Congress",469699,34842
"UTTAR PRADESH",BADAUN,"ADITYA YADAV","Samajwadi Party",501855,"DURVIJAY SINGH SHAKYA","Bharatiya Janata Party",466864,34991
ODISHA,BHUBANESWAR,"APARAJITA SARANGI","Bharatiya Janata Party",512519,"MANMATH KUMAR ROUTRAY","Biju Janata Dal",477367,35152
"UTTAR PRADESH",MAHARAJGANJ,"PANKAJ CHAUDHARY","Bharatiya Janata Party",591310,"VIRENDRA CHAUDHARY","Indian National Congress",555859,35451
"UTTAR PRADESH",UNNAO,"SWAMI SACHCHIDANAND HARI SAKSHI","Bharatiya Janata Party",616133,"ANNU TANDON","Samajwadi Party",580315,35818
"UTTAR PRADESH",MACHHLISHAHR,"PRIYA SAROJ","Samajwadi Party",451292,"BHOLANATH (B.P. SAROJ)","Bharatiya Janata Party",415442,35850
MAHARASHTRA,"BHANDARA GONDIYA","DR. PRASHANT YADAORAO PADOLE","Indian National Congress",587413,"SUNIL BABURAO MENDHE","Bharatiya Janata Party",550033,37380
"UTTAR PRADESH",BIJNOR,"CHANDAN CHAUHAN","Rashtriya Lok Dal",404493,DEEPAK,"Samajwadi Party",366985,37508
"UTTAR PRADESH",MIRZAPUR,"ANUPRIYA PATEL","Apna Dal (Soneylal)",471631,"RAMESH CHAND BIND","Samajwadi Party",433821,37810
TELANGANA,MEDAK,"MADHAVANENI RAGHUNANDAN RAO","Bharatiya Janata Party",471217,"NEELAM MADHU","Indian National Congress",432078,39139
"WEST BENGAL",COOCHBEHAR,"JAGADISH CHANDRA BARMA BASUNIA","All India Trinamool Congress",788375,"NISITH PRAMANIK","Bharatiya Janata Party",749125,39250
PUNJAB,AMRITSAR,"GURJEET SINGH AUJLA","Indian National Congress",255181,"KULDEEP SINGH DHALIWAL","Aam Aadmi Party",214880,40301
MAHARASHTRA,AKOLA,"ANUP SANJAY DHOTRE","Bharatiya Janata Party",457030,"ABHAY KASHINATH PATIL","Indian National Congress",416404,40626
ODISHA,JAGATSINGHPUR,"BIBHU PRASAD TARAI","Bharatiya Janata Party",589093,"DR. RAJASHREE MALLICK","Biju Janata Dal",548397,40696
HARYANA,BHIWANI-MAHENDRAGARH,"DHARAMBIR SINGH","Bharatiya Janata Party",588664,"RAO DAN SINGH","Indian National Congress",547154,41510
RAJASTHAN,KOTA,"OM BIRLA","Bharatiya Janata Party",750496,"PRAHLAD GUNJAL","Indian National Congress",708522,41974
RAJASTHAN,NAGAUR,"HANUMAN BENIWAL","Rashtriya Loktantrik Party",596955,"JYOTI MIRDHA","Bharatiya Janata Party",554730,42225
KARNATAKA,HASSAN,"SHREYAS. M. PATEL","Indian National Congress",672988,"PRAJWAL REVANNA","Janata Dal  (Secular)",630339,42649
"UTTAR PRADESH",DOMARIYAGANJ,"JAGDAMBIKA PAL","Bharatiya Janata Party",463303,"BHISHMA SHANKAR ALIAS KUSHAL TIWARI","Samajwadi Party",420575,42728
"UTTAR PRADESH",SULTANPUR,"RAMBHUAL NISHAD","Samajwadi Party",444330,"MANEKA SANJAY GANDHI","Bharatiya Janata Party",401156,43174
CHHATTISGARH,KORBA,"JYOTSNA CHARANDAS MAHANT","Indian National Congress",570182,"SAROJ PANDEY","Bharatiya Janata Party",526899,43283
"UTTAR PRADESH",BALLIA,"SANATAN PANDEY","Samajwadi Party",467068,"NEERAJ SHEKHAR","Bharatiya Janata Party",423684,43384
"UTTAR PRADESH","FATEHPUR SIKRI","RAJKUMAR CHAHAR","Bharatiya Janata Party",445657,"RAMNATH SINGH SIKARWAR","Indian National Congress",402252,43405
KARNATAKA,HAVERI,"BASAVARAJ BOMMAI","Bharatiya Janata Party",705538,"ANANDSWAMY GADDADEVARMATH","Indian National Congress",662025,43513
"UTTAR PRADESH",BHADOHI,"DR. VINOD KUMAR BIND","Bharatiya Janata Party",459982,"LALITESHPATI TRIPATHI","All India Trinamool Congress",415910,44072
PUNJAB,HOSHIARPUR,"DR. RAJ KUMAR CHABBEWAL","Aam Aadmi Party",303859,"YAMINI GOMAR","Indian National Congress",259748,44111
"UTTAR PRADESH",AKBARPUR,"DEVENDRA SINGH ALIAS BHOLE SINGH","Bharatiya Janata Party",517423,"RAJARAM PAL","Samajwadi Party",473078,44345
CHHATTISGARH,RAJNANDGAON,"SANTOSH PANDEY","Bharatiya Janata Party",712057,"BHUPESH BAGHEL","Indian National Congress",667646,44411
TELANGANA,ZAHIRABAD,"SURESH KUMAR SHETKAR","Indian National Congress",528418,"B. B. PATIL","Bharatiya Janata Party",482230,46188
"UTTAR PRADESH",GONDA,"KIRTIVARDHAN SINGH","Bharatiya Janata Party",474258,"SHREYA VERMA","Samajwadi Party",428034,46224
KARNATAKA,KOPPAL,"K. RAJASHEKAR BASAVARAJ HITNAL","Indian National Congress",663511,"DR . BASAVARAJ. K. SHARANAPPA","Bharatiya Janata Party",617154,46357
"WEST BENGAL",KANTHI,"ADHIKARI SOUMENDU","Bharatiya Janata Party",763195,"UTTAM BARIK SON OF LATE BIRENDRA BARIK","All India Trinamool Congress",715431,47764
MAHARASHTRA,"RATNAGIRI- SINDHUDURG","NARAYAN TATU RANE","Bharatiya Janata Party",448514,"VINAYAK BHAURAO RAUT","Shiv Sena (Uddhav Balasaheb Thackrey)",400656,47858
KARNATAKA,CHITRADURGA,"GOVIND MAKTHAPPA KARJOL","Bharatiya Janata Party",684890,B.N.CHANDRAPPA,"Indian National Congress",636769,48121
RAJASTHAN,ALWAR,"BHUPENDER YADAV","Bharatiya Janata Party",631992,"LALIT YADAV","Indian National Congress",583710,48282
HARYANA,AMBALA,"VARUN CHAUDHRY","Indian National Congress",663657,"BANTO KATARIA","Bharatiya Janata Party",614621,49036
PUNJAB,BATHINDA,"HARSIMRAT KAUR BADAL","Shiromani Akali Dal",376558,"GURMEET SINGH KHUDIAN","Aam Aadmi Party",326902,49656
BIHAR,KATIHAR,"TARIQ ANWAR","Indian National Congress",567092,"DULAL CHANDRA GOSWAMI","Janata Dal  (United)",517229,49863
TELANGANA,SECUNDERABAD,"G. KISHAN REDDY","Bharatiya Janata Party",473012,"DANAM NAGENDER","Indian National Congress",423068,49944
"ANDHRA PRADESH",ONGOLE,"MAGUNTA SREENIVASULU REDDY","Telugu Desam",701894,"DR CHEVIREDDY BHASKAR REDD","Yuvajana Sramika Rythu Congress Party",651695,50199
MAHARASHTRA,SHIRDI,"BHAUSAHEB RAJARAM WAKCHAURE","Shiv Sena (Uddhav Balasaheb Thackrey)",476900,"LOKHANDE SADASHIV KISAN","Shiv Sena",426371,50529
"ANDHRA PRADESH",ARAKU,"GUMMA THANUJA RANI","Yuvajana Sramika Rythu Congress Party",477005,"KOTHAPALLI GEETHA","Bharatiya Janata Party",426425,50580
NAGALAND,NAGALAND,"S SUPONGMEREN JAMIR","Indian National Congress",401951,"DR CHUMBEN MURRY","Nationalist Democratic Progressive Party",350967,50984
BIHAR,SITAMARHI,"DEVESH CHANDRA THAKUR","Janata Dal  (United)",515719,"ARJUN RAY","Rashtriya Janata Dal",464363,51356
ASSAM,KOKRAJHAR,"JOYANTA BASUMATARY","United People’s Party Liberal",488995,"KAMPA BORGOYARI","Bodoland Peoples Front",437412,51583
RAJASTHAN,BHARATPUR,"SANJNA JATAV","Indian National Congress",579890,"RAMSWAROOP KOLI","Bharatiya Janata Party",527907,51983
"MADHYA PRADESH",MORENA,"SHIVMANGAL SINGH TOMAR","Bharatiya Janata Party",515477,"NEETU SATYAPAL SINGH SIKARWAR","Indian National Congress",462947,52530
MAHARASHTRA,"MUMBAI SOUTH","ARVIND GANPAT SAWANT","Shiv Sena (Uddhav Balasaheb Thackrey)",395655,"YAMINI YASHWANT JADHAV","Shiv Sena",342982,52673
MAHARASHTRA,"MUMBAI SOUTH CENTRAL","ANIL YESHWANT DESAI","Shiv Sena (Uddhav Balasaheb Thackrey)",395138,"RAHUL RAMESH SHEWALE","Shiv Sena",341754,53384
"TAMIL NADU",KALLAKURICHI,"MALAIYARASAN D","Dravida Munnetra Kazhagam",561589,"KUMARAGURU R","All India Anna Dravida Munnetra Kazhagam",507805,53784
"UTTAR PRADESH",JALAUN,"NARAYAN DAS AHIRWAR","Samajwadi Party",530180,"BHANU PRATAP SINGH VERMA","Bharatiya Janata Party",476282,53898
"UTTAR PRADESH",FAIZABAD,"AWADHESH PRASAD","Samajwadi Party",554289,"LALLU SINGH","Bharatiya Janata Party",499722,54567
CHHATTISGARH,BASTAR,"MAHESH KASHYAP","Bharatiya Janata Party",458398,"KAWASI LAKHMA","Indian National Congress",403153,55245
"UTTAR PRADESH",SHAHJAHANPUR,"ARUN KUMAR SAGAR","Bharatiya Janata Party",592718,"JYOTSNA GOND","Samajwadi Party",537339,55379
RAJASTHAN,BIKANER,"ARJUN RAM MEGHWAL","Bharatiya Janata Party",566737,"GOVINDRAM MEGHWAL","Indian National Congress",511026,55711
"WEST BENGAL",KRISHNANAGAR,"MAHUA MOITRA","All India Trinamool Congress",628789,"AMRITA ROY","Bharatiya Janata Party",572084,56705
ODISHA,CUTTACK,"BHARTRUHARI MAHTAB","Bharatiya Janata Party",531601,"SANTRUPT MISRA","Biju Janata Dal",474524,57077
"DADRA & NAGAR HAVELI AND DAMAN & DIU","DADAR & NAGAR HAVELI","DELKAR KALABEN MOHANBHAI","Bharatiya Janata Party",121074,"AJIT RAMJIBHAI MAHALA","Indian National Congress",63490,57584
"UTTAR PRADESH",ETAWAH,"JITENDRA KUMAR DOHARE","Samajwadi Party",490747,"DR RAM SHANKAR KATHERIA","Bharatiya Janata Party",432328,58419
"UTTAR PRADESH",ALLAHABAD,"UJJWAL RAMAN SINGH","Indian National Congress",462145,"NEERAJ TRIPATHI","Bharatiya Janata Party",403350,58795
MAHARASHTRA,NANDED,"CHAVAN VASANTRAO BALWANTRAO","Indian National Congress",528894,"CHIKHALIKAR PRATAPRAO GOVINDRAO","Bharatiya Janata Party",469452,59442
"WEST BENGAL",ASANSOL,"SHATRUGHAN PRASAD SINHA","All India Trinamool Congress",605645,"SURENDRAJEET SINGH AHLUWALIA","Bharatiya Janata Party",546081,59564
BIHAR,KISHANGANJ,"MOHAMMAD JAWED","Indian National Congress",402850,"MUJAHID ALAM","Janata Dal  (United)",343158,59692
BIHAR,ARRAH,"SUDAMA PRASAD","Communist Party of India  (Marxist-Leninist)  (Liberation)",529382,"R. K. SINGH","Bharatiya Janata Party",469574,59808
CHHATTISGARH,JANJGIR-CHAMPA,"KAMLESH JANGDE","Bharatiya Janata Party",678199,"DR. SHIVKUMAR DAHARIYA","Indian National Congress",618199,60000
BIHAR,UJIARPUR,"NITYANAND RAI","Bharatiya Janata Party",515965,"ALOK KUMAR MEHTA","Rashtriya Janata Dal",455863,60102
MAHARASHTRA,LATUR,"DR. KALGE SHIVAJI BANDAPPA","Indian National Congress",609021,"SUDHAKAR TUKARAM SHRANGARE","Bharatiya Janata Party",547140,61881
"ANDHRA PRADESH",KADAPA,"Y. S. AVINASH REDDY","Yuvajana Sramika Rythu Congress Party",605143,"CHADIPIRALLA BHUPESH SUBBARAMI REDDY","Telugu Desam",542448,62695
HARYANA,HISAR,"JAI PARKASH (J P) S/O HARIKESH","Indian National Congress",570424,"RANJIT SINGH","Bharatiya Janata Party",507043,63381
KERALA,ALAPPUZHA,"K. C VENUGOPAL","Indian National Congress",404560,"A. M ARIFF","Communist Party of India  (Marxist)",341047,63513
KERALA,CHALAKUDY,"BENNY BEHANAN","Indian National Congress",394171,"PROF C RAVEENDRANATH","Communist Party of India  (Marxist)",330417,63754
"UTTAR PRADESH",BAHARAICH,"ANAND KUMAR","Bharatiya Janata Party",518802,"RAMESH CHANDRA","Samajwadi Party",454575,64227
"WEST BENGAL",BARRACKPUR,"PARTHA BHOWMICK","All India Trinamool Congress",520231,"ARJUN SINGH","Bharatiya Janata Party",455793,64438
"UTTAR PRADESH",SAHARANPUR,"IMRAN MASOOD","Indian National Congress",547967,"RAGHAV LAKHANPAL","Bharatiya Janata Party",483425,64542
CHHATTISGARH,SURGUJA,"CHINTAMANI MAHARAJ","Bharatiya Janata Party",713200,"SHASHI SINGH KORAM","Indian National Congress",648378,64822
"MADHYA PRADESH",BHIND,"SANDHYA RAY","Bharatiya Janata Party",537065,"PHOOL SINGH BARAIYA","Indian National Congress",472225,64840
RAJASTHAN,"TONK-SAWAI MADHOPUR","HARISH CHANDRA MEENA","Indian National Congress",623763,"SUKHBIR SINGH JAUNAPURIA","Bharatiya Janata Party",558814,64949
KERALA,PATHANAMTHITTA,"ANTO ANTONY","Indian National Congress",367623,"DR.T.M.THOMAS ISSAC","Communist Party of India  (Marxist)",301504,66119
MAHARASHTRA,BHIWANDI,"BALYA MAMA - SURESH GOPINATH MHATRE","Nationalist Congress Party – Sharadchandra Pawar",499464,"KAPIL MORESHWAR PATIL","Bharatiya Janata Party",433343,66121
"UTTAR PRADESH",PRATAPGARH,"SHIV PAL SINGH PATEL (DR. S P SINGH)","Samajwadi Party",441932,"SANGAM LAL GUPTA","Bharatiya Janata Party",375726,66206
ODISHA,KENDRAPARA,"BAIJAYANT PANDA","Bharatiya Janata Party",615705,"ANSHUMAN MOHANTY","Biju Janata Dal",549169,66536
BIHAR,NAWADA,"VIVEK THAKUR","Bharatiya Janata Party",410608,"SHRAWAN KUMAR","Rashtriya Janata Dal",342938,67670
"WEST BENGAL",RAIGANJ,"KARTICK CHANDRA PAUL","Bharatiya Janata Party",560897,"KALYANI KRISHNA","All India Trinamool Congress",492700,68197
MIZORAM,MIZORAM,"RICHARD VANLALHMANGAIHA","Zoram People’s Movement",208552,"K VANLALVENA","Mizo National Front",140264,68288
KARNATAKA,BAGALKOT,"GADDIGOUDAR. PARVATAGOUDA. CHANDANAGOUDA.","Bharatiya Janata Party",671039,"SAMYUKTA SHIVANAND PATIL","Indian National Congress",602640,68399
"UTTAR PRADESH",KAIRANA,"IQRA CHOUDHARY","Samajwadi Party",528013,"PRADEEP KUMAR","Bharatiya Janata Party",458897,69116
PUNJAB,FARIDKOT,"SARABJEET SINGH KHALSA",Independent,298062,"KARAMJIT SINGH ANMOL","Aam Aadmi Party",228009,70053
"MADHYA PRADESH",GWALIOR,"BHARAT SINGH KUSHWAH","Bharatiya Janata Party",671535,"PRAVEEN PATHAK","Indian National Congress",601325,70210
"UTTAR PRADESH",MOHANLALGANJ,"R.K. CHAUDHARY","Samajwadi Party",667869,"KAUSHAL KISHORE","Bharatiya Janata Party",597577,70292
"TAMIL NADU",SALEM,"SELVAGANAPATHI T M","Dravida Munnetra Kazhagam",566085,"VIGNESH P","All India Anna Dravida Munnetra Kazhagam",495728,70357
"WEST BENGAL","DUM DUM","SOUGATA RAY","All India Trinamool Congress",528579,"SILBHADRA DATTA","Bharatiya Janata Party",457919,70660
"TAMIL NADU",VILUPPURAM,"RAVIKUMAR. D","Viduthalai Chiruthaigal Katchi",477033,"BHAGYARAJ. J","All India Anna Dravida Munnetra Kazhagam",406330,70703
"UTTAR PRADESH",BANDA,"KRISHNA DEVI SHIVSHANKER PATEL","Samajwadi Party",406567,"R. K. SINGH PATEL","Bharatiya Janata Party",335357,71210
KARNATAKA,KOLAR,"M. MALLESH BABU","Janata Dal  (Secular)",691481,"K V GOWTHAM","Indian National Congress",620093,71388
RAJASTHAN,CHURU,"RAHUL KASWAN","Indian National Congress",728211,"DEVENDRA JHAJHARIA","Bharatiya Janata Party",655474,72737
RAJASTHAN,SIKAR,AMRARAM,"Communist Party of India  (Marxist)",659300,"SUMEDHANAND SARASWATI","Bharatiya Janata Party",586404,72896
"WEST BENGAL",BANGAON,"SHANTANU THAKUR","Bharatiya Janata Party",719505,"BISWAJIT DAS S/O LATE BIJAY KRISHNA DAS","All India Trinamool Congress",645812,73693
MAHARASHTRA,SOLAPUR,"PRANITI SUSHILKUMAR SHINDE","Indian National Congress",620225,"RAM VITTHAL SATPUTE","Bharatiya Janata Party",546028,74197
KERALA,THRISSUR,"SURESH GOPI","Bharatiya Janata Party",412338,"ADV V S SUNILKUMAR","Communist Party of India",337652,74686
"HIMACHAL PRADESH",MANDI,"KANGNA RANAUT","Bharatiya Janata Party",537022,"VIKRAMADITYA SINGH","Indian National Congress",462267,74755
HARYANA,GURGAON,"RAO INDERJIT SINGH","Bharatiya Janata Party",808336,"RAJ BABBAR","Indian National Congress",733257,75079
KERALA,PALAKKAD,"V K SREEKANDAN","Indian National Congress",421169,"A VIJAYARAGHAVAN","Communist Party of India  (Marxist)",345886,75283
"WEST BENGAL",ALIPURDUARS,"MANOJ TIGGA","Bharatiya Janata Party",695314,"PRAKASH CHIK BARAIK","All India Trinamool Congress",619867,75447
"ANDHRA PRADESH",RAJAMPET,"P V MIDHUN REDDY","Yuvajana Sramika Rythu Congress Party",644844,"NALLARI KIRAN KUMAR REDDY","Bharatiya Janata Party",568773,76071
ODISHA,DHENKANAL,"RUDRA NARAYAN PANY","Bharatiya Janata Party",598721,"ABINASH SAMAL","Biju Janata Dal",522154,76567
"UTTAR PRADESH",SHRAWASTI,"RAM SHIROMANI VERMA","Samajwadi Party",511055,"SAKET MISRA","Bharatiya Janata Party",434382,76673
MAHARASHTRA,RAMTEK,"Shyamkumar (Babalu) Daulat Barve","Indian National Congress",613025,"RAJU DEONATH PARVE","Shiv Sena",536257,76768
"WEST BENGAL",HOOGHLY,"RACHNA BANERJEE","All India Trinamool Congress",702744,"LOCKET CHATTERJEE","Bharatiya Janata Party",625891,76853
KARNATAKA,BIJAPUR,"RAMESH JIGAJINAGI","Bharatiya Janata Party",672781,"RAJU ALAGUR.","Indian National Congress",595552,77229
"WEST BENGAL","MALDAHA UTTAR","KHAGEN MURMU","Bharatiya Janata Party",527023,"PRASUN BANERJEE","All India Trinamool Congress",449315,77708
"WEST BENGAL",TAMLUK,"ABHIJIT GANGOPADHYAY","Bharatiya Janata Party",765584,"DEBANGSHU BHATTACHARYA","All India Trinamool Congress",687851,77733
DELHI,"NEW DELHI","BANSURI SWARAJ","Bharatiya Janata Party",453185,"SOMNATH BHARTI","Aam Aadmi Party",374815,78370
BIHAR,AURANGABAD,"ABHAY KUMAR SINHA","Rashtriya Janata Dal",465567,"SUSHIL KUMAR SINGH","Bharatiya Janata Party",386456,79111
KARNATAKA,RAICHUR,"G. KUMAR NAIK.","Indian National Congress",670966,"RAJA AMARESHWARA NAIK.","Bharatiya Janata Party",591185,79781
SIKKIM,SIKKIM,"INDRA HANG SUBBA","Sikkim Krantikari Morcha",164396,"BHARAT BASNETT","Citizen Action Party-Sikkim",83566,80830
BIHAR,MUNGER,"RAJIV RANJAN SINGH ALIAS LALAN SINGH","Janata Dal  (United)",550146,"KUMARI ANITA","Rashtriya Janata Dal",469276,80870
JHARKHAND,GIRIDIH,"CHANDRA PRAKASH CHOUDHARY","AJSU Party",451139,"MATHURA PRASAD MAHATO","Jharkhand Mukti Morcha",370259,80880
BIHAR,BEGUSARAI,"GIRIRAJ SINGH","Bharatiya Janata Party",649331,"ABDHESH KUMAR ROY","Communist Party of India",567851,81480
MAHARASHTRA,WARDHA,"AMAR SHARADRAO KALE","Nationalist Congress Party – Sharadchandra Pawar",533106,"RAMDAS CHANDRABHAN TADAS","Bharatiya Janata Party",451458,81648
"UTTAR PRADESH","KUSHI NAGAR","VIJAY KUMAR DUBAY","Bharatiya Janata Party",516345,"AJAY PRATAP SINGH URF PINTU SAITHWAR","Samajwadi Party",434555,81790
MAHARASHTRA,RAIGAD,"TATKARE SUNIL DATTATREY","Nationalist Congress Party",508352,"ANANT GEETE","Shiv Sena (Uddhav Balasaheb Thackrey)",425568,82784
PUNJAB,GURDASPUR,"SUKHJINDER SINGH RANDHAWA","Indian National Congress",364043,"DINESH SINGH BABBU","Bharatiya Janata Party",281182,82861
"MADHYA PRADESH",SATNA,"GANESH SINGH","Bharatiya Janata Party",459728,"DABBU SIDDHARTH SUKHLAL KUSHWAHA","Indian National Congress",374779,84949
"WEST BENGAL",BAHARAMPUR,"PATHAN YUSUF","All India Trinamool Congress",524516,"ADHIR RANJAN CHOWDHURY","Indian National Congress",439494,85022
BIHAR,PATLIPUTRA,"MISHA BHARTI","Rashtriya Janata Dal",613283,"RAM KRIPAL YADAV","Bharatiya Janata Party",528109,85174
MANIPUR,"OUTER MANIPUR","ALFRED KANNGAM S ARTHUR","Indian National Congress",384954,"KACHUI TIMOTHY ZIMIK","Naga Peoples Front",299536,85418
GUJARAT,BHARUCH,"MANSUKHBHAI DHANJIBHAI VASAVA","Bharatiya Janata Party",608157,"CHAITARBHAI DAMJIBHAI VASAVA","Aam Aadmi Party",522461,85696
"WEST BENGAL",JALPAIGURI,"DR JAYANTA KUMAR ROY","Bharatiya Janata Party",766568,"NIRMAL CHANDRA ROY","All India Trinamool Congress",679875,86693
KERALA,KOTTAYAM,"ADV K FRANCIS GEORGE","Kerala Congress",364631,"THOMAS CHAZHIKADAN","Kerala Congress  (M)",277365,87266
"UTTAR PRADESH",RAMPUR,MOHIBBULLAH,"Samajwadi Party",481503,"GHANSHYAM SINGH LODHI","Bharatiya Janata Party",394069,87434
ODISHA,NABARANGPUR,"BALABHADRA MAJHI","Bharatiya Janata Party",481396,"PRADEEP KUMAR MAJHI","Biju Janata Dal",393860,87536
RAJASTHAN,GANGANAGAR,"KULDEEP INDORA","Indian National Congress",726492,"PRIYANKA BALAN MEGHWAL","Bharatiya Janata Party",638339,88153
BIHAR,"PURVI CHAMPARAN","RADHA MOHAN SINGH","Bharatiya Janata Party",542193,"DR RAJESH KUMAR","Vikassheel Insaan Party",453906,88287
"UTTAR PRADESH",FIROZABAD,"AKSHAYA YADAV","Samajwadi Party",543037,"VISHWADEEP SINGH","Bharatiya Janata Party",453725,89312
DELHI,"CHANDNI CHOWK","PRAVEEN KHANDELWAL","Bharatiya Janata Party",516496,"JAI PRAKASH AGARWAL","Indian National Congress",427171,89325
BIHAR,VAISHALI,"VEENA DEVI","Lok Janshakti Party(Ram Vilas)",567043,"VIJAY KUMAR SHUKLA","Rashtriya Janata Dal",477409,89634
"UTTAR PRADESH",SITAPUR,"RAKESH RATHOR","Indian National Congress",531138,"RAJESH VERMA","Bharatiya Janata Party",441497,89641
GUJARAT,ANAND,"MITESH PATEL (BAKABHAI)","Bharatiya Janata Party",612484,"AMIT CHAVDA","Indian National Congress",522545,89939
TELANGANA,ADILABAD,"GODAM NAGESH","Bharatiya Janata Party",568168,"ATHRAM SUGUNA","Indian National Congress",477516,90652
KARNATAKA,CHIKKODI,"PRIYANKA SATISH JARKIHOLI","Indian National Congress",713461,"ANNASAHEB SHANKAR JOLLE","Bharatiya Janata Party",622627,90834
"HIMACHAL PRADESH",SHIMLA,"Suresh Kumar Kashyap","Bharatiya Janata Party",519748,"Vinod Sultanpuri","Indian National Congress",428297,91451
ODISHA,BHADRAK,"AVIMANYU SETHI","Bharatiya Janata Party",573319,"MANJULATA MANDAL","Biju Janata Dal",481775,91544
"UTTAR PRADESH","SANT KABIR NAGAR","LAXMIKANT PAPPU NISHAD","Samajwadi Party",498695,"PRAVIN KUMAR NISHAD","Bharatiya Janata Party",406525,92170
"WEST BENGAL","KOLKATA UTTAR","BANDYOPADHYAY SUDIP","All India Trinamool Congress",454696,"TAPAS ROY","Bharatiya Janata Party",362136,92560
BIHAR,SIWAN,"VIJAYLAKSHMI DEVI","Janata Dal  (United)",386508,"HENA SHAHAB",Independent,293651,92857
DELHI,"EAST DELHI","HARSH MALHOTRA","Bharatiya Janata Party",664819,"KULDEEP KUMAR (MONU)","Aam Aadmi Party",571156,93663
TELANGANA,NAGARKURNOOL,"DR.MALLU RAVI","Indian National Congress",465072,"BHARATH  PRASAD POTHUGANTI","Bharatiya Janata Party",370658,94414
MAHARASHTRA,"YAVATMAL- WASHIM","SANJAY UTTAMRAO DESHMUKH","Shiv Sena (Uddhav Balasaheb Thackrey)",594807,"RAJSHRITAI HEMANT PATIL (MAHALLE)","Shiv Sena",500334,94473
MAHARASHTRA,MAVAL,"SHRIRANG APPA CHANDU BARNE","Shiv Sena",692832,"SANJOG BHIKU WAGHERE PATIL","Shiv Sena (Uddhav Balasaheb Thackrey)",596217,96615
ODISHA,KEONJHAR,"ANANTA NAYAK","Bharatiya Janata Party",573923,"DHANURJAYA SIDU","Biju Janata Dal",476881,97042
KARNATAKA,DHARWAD,"PRALHAD JOSHI","Bharatiya Janata Party",716231,"VINOD ASOOTI","Indian National Congress",618907,97324
BIHAR,"VALMIKI NAGAR","SUNIL KUMAR","Janata Dal  (United)",523422,"DEEPAK YADAV","Rashtriya Janata Dal",424747,98675
RAJASTHAN,KARAULI-DHOLPUR,"BHAJAN LAL JATAV","Indian National Congress",530011,"INDU DEVI","Bharatiya Janata Party",431066,98945
KARNATAKA,BELLARY,"E. TUKARAM","Indian National Congress",730845,"B. SREERAMULU","Bharatiya Janata Party",631853,98992
"UTTAR PRADESH",JAUNPUR,"BABU SINGH KUSHWAHA","Samajwadi Party",509130,"KRIPASHANKAR SINGH","Bharatiya Janata Party",409795,99335
ODISHA,ASKA,"ANITA SUBHADARSHINI","Bharatiya Janata Party",494226,"RANJITA SAHU","Biju Janata Dal",394252,99974
MAHARASHTRA,SANGLI,"VISHAL (DADA) PRAKASHBAPU PATIL",Independent,571666,"SANJAY (KAKA) PATIL","Bharatiya Janata Party",471613,100053
KERALA,KASARAGOD,"RAJMOHAN UNNITHAN","Indian National Congress",490659,"M.V BALAKRISHNAN MASTER","Communist Party of India  (Marxist)",390010,100649
"ARUNACHAL PRADESH","ARUNACHAL WEST","KIREN RIJIJU","Bharatiya Janata Party",205417,"NABAM TUKI","Indian National Congress",104679,100738
"UTTAR PRADESH",BASTI,"RAM PRASAD CHAUDHARY","Samajwadi Party",527005,"HARISH CHANDRA ALIAS HARISH DWIVEDI","Bharatiya Janata Party",426011,100994
BIHAR,GAYA,"JITAN RAM MANJHI","Hindustani Awam Morcha (Secular)",494960,"KUMAR SARVJEET","Rashtriya Janata Dal",393148,101812
JHARKHAND,GODDA,"NISHIKANT DUBEY","Bharatiya Janata Party",693140,"PRADEEP YADAV","Indian National Congress",591327,101813
"UTTAR PRADESH",JHANSI,"ANURAG SHARMA","Bharatiya Janata Party",690316,"PRADEEP JAIN ADITYA","Indian National Congress",587702,102614
BIHAR,MAHARAJGANJ,"JANARDAN SINGH SIGRIWAL","Bharatiya Janata Party",529533,"AAKASH KUMAR SINGH","Indian National Congress",426882,102651
"UTTAR PRADESH",GORAKHPUR,"RAVINDRA SHUKLA ALIAS RAVI KISHAN","Bharatiya Janata Party",585834,"KAJAL NISHAD","Samajwadi Party",482308,103526
"TAMIL NADU",CHIDAMBARAM,"THIRUMAAVALAVAN THOL","Viduthalai Chiruthaigal Katchi",505084,"CHANDRAHASAN M","All India Anna Dravida Munnetra Kazhagam",401530,103554
BIHAR,BANKA,"GIRIDHARI YADAV","Janata Dal  (United)",506678,"JAI PRAKASH NARAYAN YADAV","Rashtriya Janata Dal",402834,103844
"MADHYA PRADESH",MANDLA,"FAGGAN SINGH KULASTE","Bharatiya Janata Party",751375,"OMKAR SINGH MARKAM","Indian National Congress",647529,103846
"UTTAR PRADESH",KAUSHAMBI,"PUSHPENDRA SAROJ","Samajwadi Party",509787,"VINOD KUMAR SONKAR","Bharatiya Janata Party",405843,103944
ODISHA,PURI,"SAMBIT PATRA","Bharatiya Janata Party",629330,"ARUP MOHAN PATNAIK","Biju Janata Dal",524621,104709
BIHAR,BHAGALPUR,"AJAY KUMAR MANDAL","Janata Dal  (United)",536031,"AJEET SHARMA","Indian National Congress",431163,104868
"UTTAR PRADESH",MORADABAD,"RUCHI VIRA","Samajwadi Party",637363,"KUNWAR SARVESH KUMAR","Bharatiya Janata Party",531601,105762
BIHAR,KARAKAT,"RAJA RAM SINGH","Communist Party of India  (Marxist-Leninist)  (Liberation)",380581,"PAWAN SINGH",Independent,274723,105858
MAHARASHTRA,HINGOLI,"AASHTIKAR PATIL NAGESH BAPURAO","Shiv Sena (Uddhav Balasaheb Thackrey)",492535,"BABURAO KADAM KOHALIKAR","Shiv Sena",383933,108602
KERALA,KANNUR,"K. SUDHAKARAN","Indian National Congress",518524,"M.V. JAYARAJAN","Communist Party of India  (Marxist)",409542,108982
TELANGANA,NIZAMABAD,"ARVIND DHARMAPURI","Bharatiya Janata Party",592318,"JEEVANREDDY THATIPARTHI","Indian National Congress",483077,109241
MANIPUR,"INNER MANIPUR","ANGOMCHA BIMOL AKOIJAM","Indian National Congress",374017,"THOUNAOJAM BASANTA KUMAR SINGH","Bharatiya Janata Party",264216,109801
MAHARASHTRA,JALNA,"KALYAN VAIJINATHRAO KALE","Indian National Congress",607897,"DANVE RAOSAHEB DADARAO","Bharatiya Janata Party",497939,109958
"ANDHRA PRADESH",KURNOOLU,"BASTIPATI NAGARAJU PANCHALINGALA","Telugu Desam",658914,"B Y RAMAIAH","Yuvajana Sramika Rythu Congress Party",547616,111298
"ANDHRA PRADESH",NANDYAL,"DR BYREDDY SHABARI","Telugu Desam",701131,"POCHA BRAHMANANDA REDDY","Yuvajana Sramika Rythu Congress Party",589156,111975
BIHAR,JAMUI,"ARUN BHARTI","Lok Janshakti Party(Ram Vilas)",509046,"ARCHANA KUMARI","Rashtriya Janata Dal",396564,112482
MAHARASHTRA,DINDORI,"BHASKAR MURLIDHAR BHAGARE","Nationalist Congress Party – Sharadchandra Pawar",577339,"DR. BHARATI PRAVIN PAWAR","Bharatiya Janata Party",464140,113199
"MADHYA PRADESH",CHHINDWARA,"BUNTY VIVEK SAHU","Bharatiya Janata Party",644738,"NAKUL KAMALNATH","Indian National Congress",531120,113618
"WEST BENGAL",BARASAT,"KAKOLI GHOSH DASTIDAR","All India Trinamool Congress",692010,"SWAPAN MAJUMDER","Bharatiya Janata Party",577821,114189
KERALA,VADAKARA,"SHAFI PARAMBIL","Indian National Congress",557528,"K K SHAILAJA TEACHER","Communist Party of India  (Marxist)",443022,114506
"UTTAR PRADESH",LALGANJ,"DAROGA PRASAD SAROJ","Samajwadi Party",439959,"NEELAM SONKER","Bharatiya Janata Party",324936,115023
RAJASTHAN,JODHPUR,"GAJENDRA SINGH SHEKHAWAT","Bharatiya Janata Party",730056,"KARAN SINGH UCHIYARDA","Indian National Congress",614379,115677
GOA,"NORTH GOA","SHRIPAD YESSO NAIK","Bharatiya Janata Party",257326,"RAMAKANT KHALAP","Indian National Congress",141311,116015
"WEST BENGAL",JANGIPUR,"KHALILUR RAHAMAN","All India Trinamool Congress",544427,"MURTOJA HOSSAIN BOKUL","Indian National Congress",427790,116637
"TAMIL NADU",COIMBATORE,"GANAPATHY RAJKUMAR P","Dravida Munnetra Kazhagam",568200,"ANNAMALAI K","Bharatiya Janata Party",450132,118068
RAJASTHAN,BARMER,"UMMEDA RAM BENIWAL","Indian National Congress",704676,"RAVINDRA SINGH BHATI",Independent,586500,118176
ODISHA,SAMBALPUR,"DHARMENDRA PRADHAN","Bharatiya Janata Party",592162,"PRANAB PRAKASH DAS","Biju Janata Dal",472326,119836
JHARKHAND,RANCHI,"SANJAY SETH","Bharatiya Janata Party",664732,"YASHASWINI SAHAY","Indian National Congress",544220,120512
MAHARASHTRA,MADHA,"MOHITE-PATIL DHAIRYASHEEL RAJSINH","Nationalist Congress Party – Sharadchandra Pawar",622213,"RANJEETSINGH HINDURAO NAIK NIMBALKAR","Bharatiya Janata Party",501376,120837
"UTTAR PRADESH",SAMBHAL,"ZIA UR REHMAN","Samajwadi Party",571161,"PARMESHWAR LAL SAINI","Bharatiya Janata Party",449667,121494
MAHARASHTRA,PUNE,"MURLIDHAR MOHOL","Bharatiya Janata Party",584728,"DHANGEKAR RAVINDRA HEMRAJ","Indian National Congress",461690,123038
DELHI,"SOUTH DELHI","RAMVIR SINGH BIDHURI","Bharatiya Janata Party",692832,"SAHI RAM","Aam Aadmi Party",568499,124333
"JAMMU & KASHMIR",UDHAMPUR,"DR JITENDRA SINGH","Bharatiya Janata Party",571076,"CH LAL SINGH","Indian National Congress",446703,124373
"UTTAR PRADESH",GHAZIPUR,"AFZAL ANSARI","Samajwadi Party",539912,"PARS NATH RAI","Bharatiya Janata Party",415051,124861
"TAMIL NADU",TIRUPPUR,"SUBBARAYAN K.","Communist Party of India",472739,"ARUNACHALAM P.","All India Anna Dravida Munnetra Kazhagam",346811,125928
BIHAR,GOPALGANJ,"DR. ALOK KUMAR SUMAN","Janata Dal  (United)",511866,"PREM NATH CHANCHAL ALIAS CHANCHAL PASWAN","Vikassheel Insaan Party",384686,127180
"WEST BENGAL","MALDAHA DAKSHIN","ISHA KHAN CHOUDHURY","Indian National Congress",572395,"SREERUPA MITRA CHAUDHURY (NIRBHAYA DIDI)","Bharatiya Janata Party",444027,128368
KARNATAKA,BIDAR,"SAGAR ESHWAR KHANDRE","Indian National Congress",666317,"BHAGWANTH KHUBA","Bharatiya Janata Party",537442,128875
"UTTAR PRADESH",ROBERTSGANJ,CHHOTELAL,"Samajwadi Party",465848,"RINKI SINGH","Apna Dal (Soneylal)",336614,129234
TELANGANA,PEDDAPALLE,"VAMSI KRISHNA GADDAM","Indian National Congress",475587,"SRINIVAS GOMASE","Bharatiya Janata Party",344223,131364
"ANDHRA PRADESH",HINDUPUR,"B K PARTHASARATHI","Telugu Desam",725534,"J SHANTHA","Yuvajana Sramika Rythu Congress Party",593107,132427
ODISHA,BOLANGIR,"SANGEETA KUMARI SINGH DEO","Bharatiya Janata Party",617744,"SURENDRA SINGH BHOI","Biju Janata Dal",485080,132664
KERALA,IDUKKI,"ADV. DEAN KURIAKOSE","Indian National Congress",432372,"ADV. JOICE GEORGE","Communist Party of India  (Marxist)",298645,133727
ODISHA,KALAHANDI,"MALVIKA DEVI","Bharatiya Janata Party",544303,"LAMBODAR NIAL","Biju Janata Dal",410490,133813
MAHARASHTRA,PARBHANI,"JADHAV SANJAY ( BANDU ) HARIBHAU","Shiv Sena (Uddhav Balasaheb Thackrey)",601343,"JANKAR MAHADEV JAGANNATH","Rashtriya Samaj Paksha",467282,134061
MAHARASHTRA,AURANGABAD,"BHUMARE SANDIPANRAO ASARAM","Shiv Sena",476130,"IMTIAZ JALEEL SYED","All India Majlis-E-Ittehadul Muslimeen",341480,134650
"MADHYA PRADESH",KHARGONE,"GAJENDRA SINGH PATEL","Bharatiya Janata Party",819863,"PORLAL BATHA KHARTE","Indian National Congress",684845,135018
"UTTAR PRADESH",LUCKNOW,"RAJ NATH SINGH","Bharatiya Janata Party",612709,"RAVIDAS MEHROTRA","Samajwadi Party",477550,135159
GUJARAT,JUNAGADH,"CHUDASAMA RAJESHBHAI NARANBHAI","Bharatiya Janata Party",584049,"JOTVA HIRABHAI ARJANBHAI","Indian National Congress",448555,135494
"JAMMU & KASHMIR",JAMMU,"JUGAL KISHORE","Bharatiya Janata Party",687588,"RAMAN BHALLA","Indian National Congress",552090,135498
PUDUCHERRY,PUDUCHERRY,"VE VAITHILINGAM","Indian National Congress",426005,"A NAMASSIVAYAM","Bharatiya Janata Party",289489,136516
BIHAR,"PASCHIM CHAMPARAN","DR.SANJAY JAISWAL","Bharatiya Janata Party",580421,"MADAN MOHAN TIWARI","Indian National Congress",443853,136568
"UTTAR PRADESH","AMBEDKAR NAGAR","LALJI VERMA","Samajwadi Party",544959,"RITESH PANDEY","Bharatiya Janata Party",407712,137247
MAHARASHTRA,NAGPUR,"NITIN JAIRAM GADKARI","Bharatiya Janata Party",655027,"VIKAS THAKRE","Indian National Congress",517424,137603
"WEST BENGAL",BARDHAMAN-DURGAPUR,"AZAD KIRTI JHA","All India Trinamool Congress",720667,"DILIP GHOSH","Bharatiya Janata Party",582686,137981
DELHI,"NORTH-EAST DELHI","MANOJ TIWARI","Bharatiya Janata Party",824451,"KANHAIYA KUMAR","Indian National Congress",685673,138778
ODISHA,SUNDARGARH,"JUAL ORAM","Bharatiya Janata Party",494282,"DILIP KUMAR TIRKEY","Biju Janata Dal",355474,138808
JHARKHAND,LOHARDAGA,"SUKHDEO BHAGAT","Indian National Congress",483038,"SAMIR ORAON","Bharatiya Janata Party",343900,139138
KARNATAKA,MYSORE,"YADUVEER KRISHNADATTA CHAMARAJA WADIYAR","Bharatiya Janata Party",795503,"M. LAKSHMANA","Indian National Congress",656241,139262
MAHARASHTRA,SHIRUR,"DR. AMOL RAMSING KOLHE","Nationalist Congress Party – Sharadchandra Pawar",698692,"ADHALRAO SHIVAJI DATTATREY","Nationalist Congress Party",557741,140951
MAHARASHTRA,GADCHIROLI,"DR. KIRSAN  NAMDEO","Indian National Congress",617792,"ASHOK  MAHADEORAO NETE","Bharatiya Janata Party",476096,141696
BIHAR,JAHANABAD,"SURENDRA PRASAD YADAV","Rashtriya Janata Dal",443035,"CHANDESHWAR PRASAD","Janata Dal  (United)",300444,142591
ASSAM,JORHAT,"GAURAV GOGOI","Indian National Congress",751771,"TOPON KUMAR GOGOI","Bharatiya Janata Party",607378,144393
CHHATTISGARH,MAHASAMUND,"ROOP KUMARI CHOUDHARY","Bharatiya Janata Party",703659,"TAMRADHWAJ SAHU","Indian National Congress",558203,145456
"MADHYA PRADESH",RAJGARH,"RODMAL NAGAR","Bharatiya Janata Party",758743,"DIGVIJAYA SINGH","Indian National Congress",612654,146089
KERALA,KOZHIKODE,"M. K. RAGHAVAN","Indian National Congress",520421,"ELAMARAM KAREEM","Communist Party of India  (Marxist)",374245,146176
ODISHA,BALASORE,"PRATAP CHANDRA SARANGI","Bharatiya Janata Party",563865,"LEKHASRI SAMANTSINGHAR","Biju Janata Dal",416709,147156
ASSAM,DIPHU,"AMARSING TISSO","Bharatiya Janata Party",334620,"J. I. KATHAR",Independent,187017,147603
ODISHA,KORAPUT,"SAPTAGIRI SANKAR ULAKA","Indian National Congress",471393,"KAUSALYA HIKAKA","Biju Janata Dal",323649,147744
"UTTAR PRADESH",KAISERGANJ,"KARAN BHUSHAN SINGH","Bharatiya Janata Party",571263,"BHAGAT RAM","Samajwadi Party",422420,148843
KARNATAKA,"DAKSHINA KANNADA","CAPTAIN BRIJESH CHOWTA","Bharatiya Janata Party",764132,PADMARAJ.R.POOJARY,"Indian National Congress",614924,149208
JHARKHAND,KHUNTI,"KALI CHARAN MUNDA","Indian National Congress",511647,"ARJUN MUNDA","Bharatiya Janata Party",361972,149675
KERALA,KOLLAM,"N K PREMACHANDRAN","Revolutionary Socialist Party",443628,"M MUKESH","Communist Party of India  (Marxist)",293326,150302
"UTTAR PRADESH",NAGINA,CHANDRASHEKHAR,"Aazad Samaj Party (Kanshi Ram)",512552,"OM KUMAR","Bharatiya Janata Party",361079,151473
BIHAR,MADHUBANI,"ASHOK KUMAR YADAV","Bharatiya Janata Party",553428,"MD ALI ASHRAF FATMI","Rashtriya Janata Dal",401483,151945
"UTTAR PRADESH",VARANASI,"NARENDRA MODI","Bharatiya Janata Party",612970,"AJAY RAI","Indian National Congress",460457,152513
BIHAR,"PATNA SAHIB","RAVI SHANKAR PRASAD","Bharatiya Janata Party",588270,"ANSHUL AVIJIT","Indian National Congress",434424,153846
MAHARASHTRA,KOLHAPUR,"CHHATRAPATI SHAHU SHAHAJI","Indian National Congress",754522,"SANJAY SADASHIVRAO MANDLIK","Shiv Sena",599558,154964
MEGHALAYA,TURA,"SALENG A SANGMA","Indian National Congress",383919,"AGATHA K SANGMA","National Peoples Party",228678,155241
GUJARAT,SABARKANTHA,"SHOBHANABEN MAHENDRASINH BARAIYA","Bharatiya Janata Party",677318,"CHAUDHARI TUSHAR AMARSINH","Indian National Congress",521636,155682
MAHARASHTRA,BARAMATI,"SUPRIYA SULE","Nationalist Congress Party – Sharadchandra Pawar",732312,"SUNETRA AJITDADA PAWAR","Nationalist Congress Party",573979,158333
MAHARASHTRA,NANDURBAR,"ADV GOWAAL KAGADA PADAVI","Indian National Congress",745998,"DR HEENA VIJAYKUMAR GAVIT","Bharatiya Janata Party",586878,159120
"UTTAR PRADESH",BAGHPAT,"DR RAJKUMAR SANGWAN","Rashtriya Lok Dal",488967,AMARPAL,"Samajwadi Party",329508,159459
"ANDHRA PRADESH",NARSARAOPET,"LAVU SRIKRISHNA DEVARAYALU","Telugu Desam",807996,"ANIL KUMAR POLUBOINA","Yuvajana Sramika Rythu Congress Party",648267,159729
"WEST BENGAL","BARDHAMAN PURBA","DR. SHARMILA SARKAR","All India Trinamool Congress",720302,"ASIM KUMAR SARKAR","Bharatiya Janata Party",559730,160572
"UTTAR PRADESH",AZAMGARH,"DHARMENDRA YADAV","Samajwadi Party",508239,"DINESH LAL YADAV “NIRAHUA”","Bharatiya Janata Party",347204,161035
BIHAR,KHAGARIA,"RAJESH VERMA","Lok Janshakti Party(Ram Vilas)",538657,"SANJAY KUMAR","Communist Party of India  (Marxist)",377526,161131
MAHARASHTRA,NASHIK,"RAJABHAU (PARAG) PRAKASH WAJE","Shiv Sena (Uddhav Balasaheb Thackrey)",616729,"GODSE HEMANT TUKARAM","Shiv Sena",454728,162001
"UTTAR PRADESH",GHOSI,"RAJEEV RAI","Samajwadi Party",503131,"DR. ARVIND RAJBHAR","Suheldev Bharatiya Samaj Party",340188,162943
KARNATAKA,CHIKKBALLAPUR,DR.K.SUDHAKAR,"Bharatiya Janata Party",822619,"M.S. RAKSHA RAMAIAH","Indian National Congress",659159,163460
UTTARAKHAND,GARHWAL,"ANIL BALUNI","Bharatiya Janata Party",432159,"GANESH GODIYAL","Indian National Congress",268656,163503
UTTARAKHAND,HARIDWAR,"TRIVENDRA SINGH RAWAT","Bharatiya Janata Party",653808,"VIRENDRA RAWAT","Indian National Congress",489752,164056
"WEST BENGAL",MURSHIDABAD,"ABU TAHER KHAN","All India Trinamool Congress",682442,"MD SALIM","Communist Party of India  (Marxist)",518227,164215
CHHATTISGARH,BILASPUR,"TOKHAN SAHU","Bharatiya Janata Party",724937,"DEVENDRA YADAV","Indian National Congress",560379,164558
"UTTAR PRADESH",PILIBHIT,"JITIN PRASADA","Bharatiya Janata Party",607158,"BHAGWAT SARAN GANGWAR","Samajwadi Party",442223,164935
ODISHA,BERHAMPUR,"DR. PRADEEP KUMAR PANIGRAHY","Bharatiya Janata Party",513102,"BHRUGU BAXIPATRA","Biju Janata Dal",347626,165476
"TAMIL NADU",TIRUNELVELI,"ROBERT BRUCE C","Indian National Congress",502296,"NAINAR NAGENTHRAN","Bharatiya Janata Party",336676,165620
"TAMIL NADU",RAMANATHAPURAM,"NAVASKANI K","Indian Union Muslim League",509664,"PANNEERSELVAM O S/O OTTAKARATHEVAR",Independent,342882,166782
"TAMIL NADU",KARUR,"JOTHIMANI. S","Indian National Congress",534906,"THANGAVEL. L","All India Anna Dravida Munnetra Kazhagam",368090,166816
"UTTAR PRADESH",AMETHI,"KISHORI LAL","Indian National Congress",539228,"SMRITI IRANI","Bharatiya Janata Party",372032,167196
JHARKHAND,SINGHBHUM,"JOBA MAJHI","Jharkhand Mukti Morcha",520164,"GEETA KORA","Bharatiya Janata Party",351762,168402
BIHAR,NALANDA,"KAUSHALENDRA KUMAR","Janata Dal  (United)",559422,"DR. SANDEEP SAURAV","Communist Party of India  (Marxist-Leninist)  (Liberation)",390308,169114
"WEST BENGAL",HOWRAH,"PRASUN BANERJEE","All India Trinamool Congress",626493,"DR RATHIN CHAKRAVARTY","Bharatiya Janata Party",457051,169442
BIHAR,SUPAUL,"DILESHWAR KAMAIT","Janata Dal  (United)",595038,"CHANDRAHAS CHAUPAL","Rashtriya Janata Dal",425235,169803
BIHAR,HAJIPUR,"CHIRAG PASWAN","Lok Janshakti Party(Ram Vilas)",615718,"SHIV CHANDRA RAM","Rashtriya Janata Dal",445613,170105
"UTTAR PRADESH",KANNAUJ,"AKHILESH YADAV","Samajwadi Party",642292,"SUBRAT PATHAK","Bharatiya Janata Party",471370,170922
PUNJAB,SANGRUR,"GURMEET SINGH MEET HAYER","Aam Aadmi Party",364085,"SUKHPAL SINGH KHAIRA","Indian National Congress",191525,172560
TELANGANA,CHEVELLA,"KONDA VISHWESHWAR REDDY","Bharatiya Janata Party",809882,"DR GADDAM RANJITH REDDY","Indian National Congress",636985,172897
HARYANA,FARIDABAD,"KRISHAN PAL","Bharatiya Janata Party",788569,"MAHENDER PRATAP SINGH","Indian National Congress",615655,172914
"WEST BENGAL",JHARGRAM,"KALIPADA SAREN (KHERWAL)","All India Trinamool Congress",743478,"DR. PRANAT TUDU","Bharatiya Janata Party",569430,174048
"MADHYA PRADESH",BALAGHAT,"BHARTI PARDHI","Bharatiya Janata Party",712660,"SAMRAT ASHOK SINGH SARASWAR","Indian National Congress",538148,174512
BIHAR,MADHEPURA,"DINESH CHANDRA YADAV","Janata Dal  (United)",640649,"DA KUMAR CHANDRADEEP","Rashtriya Janata Dal",466115,174534
"WEST BENGAL",SRERAMPUR,"KALYAN BANERJEE","All India Trinamool Congress",673970,"KABIR SHANKAR BOSE","Bharatiya Janata Party",499140,174830
KARNATAKA,TUMKUR,"V. SOMANNA","Bharatiya Janata Party",720946,"S.P. MUDDAHANUMEGOWDA","Indian National Congress",545352,175594
PUNJAB,JALANDHAR,"CHARANJIT SINGH CHANNI","Indian National Congress",390053,"SUSHIL KUMAR RINKU","Bharatiya Janata Party",214060,175993
BIHAR,DARBHANGA,"GOPAL JEE THAKUR","Bharatiya Janata Party",566630,"LALIT KUMAR YADAV","Rashtriya Janata Dal",388474,178156
JHARKHAND,RAJMAHAL,"VIJAY KUMAR HANSDAK","Jharkhand Mukti Morcha",613371,"TALA MARANDI","Bharatiya Janata Party",435107,178264
KARNATAKA,BELGAUM,"JAGADISH SHETTAR","Bharatiya Janata Party",762029,"MRINAL R HEBBALKAR","Indian National Congress",583592,178437
"WEST BENGAL",DARJEELING,"RAJU BISTA","Bharatiya Janata Party",679331,"GOPAL LAMA","All India Trinamool Congress",500806,178525
"TAMIL NADU",KANNIYAKUMARI,"VIJAYAKUMAR (Alias) VIJAY VASANTH","Indian National Congress",546248,"RADHAKRISHNAN P","Bharatiya Janata Party",366341,179907
"ANDHRA PRADESH",ELURU,"PUTTA MAHESH KUMAR","Telugu Desam",746351,"KARUMURI SUNIL KUMAR","Yuvajana Sramika Rythu Congress Party",564494,181857
"HIMACHAL PRADESH",HAMIRPUR,"ANURAG SINGH THAKUR","Bharatiya Janata Party",607068,"SATPAL RAIZADA","Indian National Congress",424711,182357
"WEST BENGAL",GHATAL,"ADHIKARI DEEPAK (DEV)","All India Trinamool Congress",837990,"DR. HIRANMOY CHATTOPADHYAYA","Bharatiya Janata Party",655122,182868
MAHARASHTRA,PALGHAR,"DR. HEMANT VISHNU SAVARA","Bharatiya Janata Party",601244,"BHARTI BHARAT KAMDI","Shiv Sena (Uddhav Balasaheb Thackrey)",417938,183306
BIHAR,JHANJHARPUR,"RAMPRIT MANDAL","Janata Dal  (United)",533032,"SUMAN KUMAR MAHASETH","Vikassheel Insaan Party",348863,184169
"TAMIL NADU",CUDDALORE,"M.K. VISHNUPRASAD","Indian National Congress",455053,"P. SIVAKOZHUNDU","Desiya Murpokku Dravida Kazhagam",269157,185896
"WEST BENGAL",RANAGHAT,"JAGANNATH SARKAR","Bharatiya Janata Party",782396,"MUKUT MANI ADHIKARI","All India Trinamool Congress",595497,186899
"WEST BENGAL","KOLKATA DAKSHIN","MALA ROY","All India Trinamool Congress",615274,"DEBASREE CHAUDHURI","Bharatiya Janata Party",428043,187231
BIHAR,SAMASTIPUR,SHAMBHAVI,"Lok Janshakti Party(Ram Vilas)",579786,"SUNNY HAZARI","Indian National Congress",392535,187251
"JAMMU & KASHMIR",SRINAGAR,"AGA SYED RUHULLAH MEHDI","Jammu & Kashmir National Conference",356866,"WAHEED UR REHMAN PARA","Jammu & Kashmir Peoples Democratic Party",168450,188416
"ANDHRA PRADESH",ANANTHAPUR,"AMBICA G LAKSHMINARAYANA VALMIKI","Telugu Desam",768245,"MALAGUNDLA SANKAR NARAYANA","Yuvajana Sramika Rythu Congress Party",579690,188555
KARNATAKA,CHAMARAJANAGAR,"SUNIL BOSE","Indian National Congress",751671,BALARAJ.S,"Bharatiya Janata Party",562965,188706
"TAMIL NADU",KRISHNAGIRI,"GOPINATH K","Indian National Congress",492883,"JAYAPRAKASH V","All India Anna Dravida Munnetra Kazhagam",300397,192486
"MADHYA PRADESH",REWA,"JANARDAN MISHRA","Bharatiya Janata Party",477459,"NEELAM ABHAY MISHRA","Indian National Congress",284085,193374
"TAMIL NADU",TENKASI,"DR RANI SRI KUMAR","Dravida Munnetra Kazhagam",425679,"DR K KRISHNASAMY","All India Anna Dravida Munnetra Kazhagam",229480,196199
PUNJAB,"KHADOOR SAHIB","AMRITPAL SINGH",Independent,404430,"KULBIR SINGH ZIRA","Indian National Congress",207310,197120
"WEST BENGAL",BIRBHUM,"SATABDI ROY","All India Trinamool Congress",717961,"DEBTANU BHATTACHARYA","Bharatiya Janata Party",520311,197650
DELHI,"WEST DELHI","KAMALJEET SEHRAWAT","Bharatiya Janata Party",842658,"MAHABAL MISHRA","Aam Aadmi Party",643645,199013
"WEST BENGAL",MATHURAPUR,"BAPI HALDAR","All India Trinamool Congress",755731,"ASHOK PURKAIT","Bharatiya Janata Party",554674,201057
ASSAM,LAKHIMPUR,"PRADAN BARUAH","Bharatiya Janata Party",663122,"UDAY SHANKAR HAZARIKA","Indian National Congress",461865,201257
RAJASTHAN,JALORE,LUMBARAM,"Bharatiya Janata Party",796783,"VAIBHAV GEHLOT","Indian National Congress",595240,201543
"JAMMU & KASHMIR",BARAMULLA,"ABDUL RASHID SHEIKH",Independent,472481,"OMAR ABDULLAH","Jammu & Kashmir National Conference",268339,204142
"TAMIL NADU",SIVAGANGA,"KARTI P CHIDAMBARAM","Indian National Congress",427677,"XAVIERDASS A","All India Anna Dravida Munnetra Kazhagam",222013,205664
"MADHYA PRADESH",SIDHI,"DR. RAJESH MISHRA","Bharatiya Janata Party",583559,"KAMLESHWAR INDRAJIT KUMAR","Indian National Congress",377143,206416
"MADHYA PRADESH",RATLAM,"ANITA NAGARSINGH CHOUHAN","Bharatiya Janata Party",795863,"KANTILAL BHURIA","Indian National Congress",588631,207232
"ANDHRA PRADESH",BAPATLA,"KRISHNA PRASAD TENNETI","Telugu Desam",717493,"NANDIGAM SURESH BABU","Yuvajana Sramika Rythu Congress Party",509462,208031
"TAMIL NADU",ARANI,"THARANIVENTHAN M S","Dravida Munnetra Kazhagam",500099,"GAJENDRAN G.V.","All India Anna Dravida Munnetra Kazhagam",291333,208766
"TAMIL NADU",NAGAPATTINAM,"SELVARAJ V","Communist Party of India",465044,"DR SURSITH SANKAR G","All India Anna Dravida Munnetra Kazhagam",256087,208957
MAHARASHTRA,KALYAN,"DR SHRIKANT EKNATH SHINDE","Shiv Sena",589636,"VAISHALI DAREKAR - RANE","Shiv Sena (Uddhav Balasaheb Thackrey)",380492,209144
"TAMIL NADU",MADURAI,"VENKATESAN S","Communist Party of India  (Marxist)",430323,"RAAMA SREENIVASAN","Bharatiya Janata Party",220914,209409
GUJARAT,VALSAD,"DHAVAL LAXMANBHAI  PATEL","Bharatiya Janata Party",764226,"ANANTKUMAR HASMUKHBHAI PATEL","Indian National Congress",553522,210704
ASSAM,NAGAON,"PRADYUT BORDOLOI","Indian National Congress",788850,"SURESH BORAH","Bharatiya Janata Party",576619,212231
"TAMIL NADU",VELLORE,"DM KATHIR ANAND","Dravida Munnetra Kazhagam",568692,"AC SHANMUGAM","Bharatiya Janata Party",352990,215702
"UTTAR PRADESH",BARABANKI,"TANUJ PUNIA","Indian National Congress",719927,"RAJRANI RAWAT","Bharatiya Janata Party",504223,215704
MAHARASHTRA,THANE,"NARESH GANPAT MHASKE","Shiv Sena",734231,"RAJAN BABURAO VICHARE","Shiv Sena (Uddhav Balasaheb Thackrey)",517220,217011
"MADHYA PRADESH",DHAR,"SAVITRI THAKUR","Bharatiya Janata Party",794449,"RADHESHYAM MUVEL","Indian National Congress",575784,218665
"WEST BENGAL",ULUBERIA,"SAJDA AHMED","All India Trinamool Congress",724622,"ARUNUDAY PAULCHOWDHURY","Bharatiya Janata Party",505949,218673
ODISHA,MAYURBHANJ,"NABA CHARAN MAJHI","Bharatiya Janata Party",585971,"SUDAM MARNDI","Biju Janata Dal",366637,219334
TELANGANA,WARANGAL,"KADIYAM KAVYA","Indian National Congress",581294,"AROORI RAMESH","Bharatiya Janata Party",360955,220339
"ANDHRA PRADESH",CHITTOOR,"DAGGUMALLA PRASADA RAO","Telugu Desam",778071,"REDDEPPA.N .","Yuvajana Sramika Rythu Congress Party",557592,220479
JHARKHAND,CHATRA,"KALI CHARAN SINGH","Bharatiya Janata Party",574556,"KRISHNA NAND TRIPATHI","Indian National Congress",353597,220959
"TAMIL NADU",KANCHEEPURAM,"SELVAM. G","Dravida Munnetra Kazhagam",586044,"RAJASEKAR. E","All India Anna Dravida Munnetra Kazhagam",364571,221473
"UTTAR PRADESH",MAINPURI,"DIMPLE YADAV","Samajwadi Party",598526,"JAYVEER SINGH","Bharatiya Janata Party",376887,221639
TELANGANA,BHONGIR,"CHAMALA KIRAN KUMAR REDDY","Indian National Congress",629143,"DR. BOORA NARSAIAH GOUD","Bharatiya Janata Party",406973,222170
ASSAM,BARPETA,"PHANI BHUSAN CHOUDHURY","Asom Gana Parishad",860113,"DEEP BAYAN","Indian National Congress",637762,222351
"ANDHRA PRADESH",MACHILIPATNAM,"BALASHOWRY VALLABHANENI","Janasena Party",724439,"SIMHADRI CHANDRA SEKHAR RAO","Yuvajana Sramika Rythu Congress Party",501260,223179
TELANGANA,KARIMNAGAR,"BANDI SANJAY KUMAR","Bharatiya Janata Party",585116,"VELCHALA RAJENDER RAO","Indian National Congress",359907,225209
"TAMIL NADU","CHENNAI SOUTH","T.SUMATHY (ALIAS) THAMIZHACHI THANGAPANDIAN","Dravida Munnetra Kazhagam",516628,"DR.TAMILISAI SOUNDARARAJAN","Bharatiya Janata Party",290683,225945
"ANDHRA PRADESH",KAKINADA,"TANGELLA UDAY SRINIVAS  (TEA TIME UDAY)","Janasena Party",729699,"CHALAMALASETTY SUNIL","Yuvajana Sramika Rythu Congress Party",500208,229491
GUJARAT,BARDOLI,"PARBHUBHAI NAGARBHAI VASAVA","Bharatiya Janata Party",763950,"CHAUDHARY SIDDHARTH AMARSINH","Indian National Congress",533697,230253
HARYANA,KARNAL,"MANOHAR LAL","Bharatiya Janata Party",739285,"DIVYANSHU BUDHIRAJA","Indian National Congress",506708,232577
"TAMIL NADU",TIRUVANNAMALAI,"ANNADURAI C.N.","Dravida Munnetra Kazhagam",547379,"KALIYAPERUMAL M","All India Anna Dravida Munnetra Kazhagam",313448,233931
UTTARAKHAND,ALMORA,"AJAY TAMTA","Bharatiya Janata Party",429167,"PRADEEP TAMTA","Indian National Congress",195070,234097
BIHAR,MUZAFFARPUR,"RAJ BHUSHAN CHOUDHARY","Bharatiya Janata Party",619749,"AJAY NISHAD","Indian National Congress",384822,234927
KERALA,PONNANI,"DR. M.P ABDUSSAMAD SAMADANI","Indian Union Muslim League",562516,"K.S HAMZA","Communist Party of India  (Marxist)",326756,235760
"TAMIL NADU",ERODE,"K E PRAKASH","Dravida Munnetra Kazhagam",562339,"ASHOK KUMAR","All India Anna Dravida Munnetra Kazhagam",325773,236566
RAJASTHAN,DAUSA,"MURARI LAL MEENA","Indian National Congress",646266,"KANHAIYA LAL MEENA","Bharatiya Janata Party",408926,237340
GUJARAT,JAMNAGAR,"POONAMBEN HEMATBHAI MAADAM","Bharatiya Janata Party",620049,"ADVOCATE J. P. MARAVIYA","Indian National Congress",382041,238008
"ANDHRA PRADESH",RAJAHMUNDRY,"DAGGUBATI PURANDHESHWARI","Bharatiya Janata Party",726515,"DR. GUDURI SRINIVAS","Yuvajana Sramika Rythu Congress Party",487376,239139
CHHATTISGARH,RAIGARH,"RADHESHYAM RATHIYA","Bharatiya Janata Party",808275,"DR. MENKA DEVI SINGH","Indian National Congress",567884,240391
"TAMIL NADU",NILGIRIS,"RAJA A","Dravida Munnetra Kazhagam",473212,"DR MURUGAN L","Bharatiya Janata Party",232627,240585
KARNATAKA,SHIMOGA,B.Y.RAGHAVENDRA,"Bharatiya Janata Party",778721,"GEETHA SHIVARAJKUMAR","Indian National Congress",535006,243715
"TAMIL NADU","CHENNAI CENTRAL","DAYANIDHI MARAN","Dravida Munnetra Kazhagam",413848,VINOJ,"Bharatiya Janata Party",169159,244689
RAJASTHAN,PALI,"P. P. CHAUDHARY","Bharatiya Janata Party",757389,"SANGEETA BENIWAL","Indian National Congress",512038,245351
"ANDHRA PRADESH",NELLORE,"PRABHAKAR REDDY VEMIREDDY","Telugu Desam",766202,"VENUMBAKA VIJAYASAI REDDY","Yuvajana Sramika Rythu Congress Party",520300,245902
RAJASTHAN,BANSWARA,"RAJ KUMAR ROAT","Bharat Adivasi Party",820831,"MAHENDRAJEETSINGH MALVIYA","Bharatiya Janata Party",573777,247054
"UTTAR PRADESH",HATHRAS,"ANOOP PRADHAN BALMIKI","Bharatiya Janata Party",554746,"JASVEER VALMIKI","Samajwadi Party",307428,247318
ASSAM,KAZIRANGA,"KAMAKHYA PRASAD TASA","Bharatiya Janata Party",897043,"ROSELINA TIRKEY","Indian National Congress",648096,248947
"ANDHRA PRADESH",VIZIANAGARAM,"APPALANAIDU KALISETTI","Telugu Desam",743113,"BELLANA CHANDRASEKHAR","Yuvajana Sramika Rythu Congress Party",493762,249351
KERALA,ERNAKULAM,"HIBI EDEN","Indian National Congress",482317,"K. J. SHINE TEACHER","Communist Party of India  (Marxist)",231932,250385
ASSAM,GUWAHATI,"BIJULI KALITA  MEDHI","Bharatiya Janata Party",894887,"MIRA BORTHAKUR GOSWAMI","Indian National Congress",643797,251090
MAHARASHTRA,JALGAON,"SMITA UDAY WAGH","Bharatiya Janata Party",674428,"KARAN BALASAHEB PATIL - PAWAR","Shiv Sena (Uddhav Balasaheb Thackrey)",422834,251594
ODISHA,BARGARH,"PRADEEP PUROHIT","Bharatiya Janata Party",716359,"PARINITA MISHRA","Biju Janata Dal",464692,251667
"HIMACHAL PRADESH",KANGRA,"DR RAJEEV BHARDWAJ","Bharatiya Janata Party",632793,"ANAND SHARMA","Indian National Congress",380898,251895
"TAMIL NADU",POLLACHI,"ESWARASAMY K","Dravida Munnetra Kazhagam",533377,"KARTHIKEYAN A","All India Anna Dravida Munnetra Kazhagam",281335,252042
"WEST BENGAL",JADAVPUR,"SAYANI GHOSH","All India Trinamool Congress",717899,"DR. ANIRBAN GANGULY","Bharatiya Janata Party",459698,258201
KARNATAKA,"UDUPI CHIKMAGALUR","KOTA SRINIVAS POOJARY","Bharatiya Janata Party",732234,"K. JAYAPRAKASH HEGDE","Indian National Congress",473059,259175
KARNATAKA,"BANGALORE NORTH","SHOBHA KARANDLAJE","Bharatiya Janata Party",986049,"PROFESSOR M.V RAJEEV GOWDA","Indian National Congress",726573,259476
JHARKHAND,JAMSHEDPUR,"BIDYUT BARAN MAHATO","Bharatiya Janata Party",726174,"SAMIR KUMAR MOHANTY","Jharkhand Mukti Morcha",466392,259782
MAHARASHTRA,CHANDRAPUR,"DHANORKAR PRATIBHA SURESH ALIAS BALUBHAU","Indian National Congress",718410,"MUNGANTIWAR SUDHIR SACCHIDANAND","Bharatiya Janata Party",458004,260406
RAJASTHAN,UDAIPUR,"MANNA LAL RAWAT","Bharatiya Janata Party",738286,"TARACHAND MEENA","Indian National Congress",476678,261608
GUJARAT,SURENDRANAGAR,"CHANDUBHAI CHHAGANBHAI SHIHORA","Bharatiya Janata Party",669749,"RUTVIKBHAI LAVJIBHAI MAKWANA","Indian National Congress",408132,261617
ASSAM,SILCHAR,"PARIMAL SUKLABAIDYA","Bharatiya Janata Party",652405,"SURYA KANTA SARKAR","Indian National Congress",388094,264311
HARYANA,SIRSA,SELJA,"Indian National Congress",733823,"ASHOK TANWAR","Bharatiya Janata Party",465326,268497
GUJARAT,KACHCHH,"CHAVDA VINOD LAKHAMSHI","Bharatiya Janata Party",659574,"NITESH PARBATBHAI LALAN (MATANG)","Indian National Congress",390792,268782
KARNATAKA,"BANGALORE RURAL","DR C N MANJUNATH","Bharatiya Janata Party",1079002,"D K SURESH","Indian National Congress",809355,269647
"MADHYA PRADESH",KHANDWA,"GYANESHWAR PATIL","Bharatiya Janata Party",862679,"NARENDRA PATEL","Indian National Congress",592708,269971
"TAMIL NADU",MAYILADUTHURAI,"SUDHA R","Indian National Congress",518459,"BABU P","All India Anna Dravida Munnetra Kazhagam",247276,271183
"UTTAR PRADESH",AGRA,"PROF S P SINGH BAGHEL","Bharatiya Janata Party",599397,"SURESH CHAND KARDAM","Samajwadi Party",328103,271294
MAHARASHTRA,RAVER,"KHADSE RAKSHA NIKHIL","Bharatiya Janata Party",630879,"SHRIRAM DAYARAM PATIL","Nationalist Congress Party – Sharadchandra Pawar",358696,272183
UTTARAKHAND,"TEHRI GARHWAL","MALA RAJYA LAKSHMI SHAH","Bharatiya Janata Party",462603,"JOT SINGH GUNSOLA","Indian National Congress",190110,272493
"UTTAR PRADESH",BULANDSHAHR,"DR BHOLA SINGH","Bharatiya Janata Party",597310,SHIVRAM,"Indian National Congress",322176,275134
JHARKHAND,HAZARIBAGH,"MANISH JAISWAL","Bharatiya Janata Party",654613,"JAI PRAKASH BHAI PATEL","Indian National Congress",377927,276686
"ANDHRA PRADESH",NARSAPURAM,"BHUPATHI RAJU SRINIVASA VARMA (B.J.P.VARMA)","Bharatiya Janata Party",707343,"UMABALA GUDURI","Yuvajana Sramika Rythu Congress Party",430541,276802
KARNATAKA,"BANGALORE SOUTH","TEJASVI SURYA","Bharatiya Janata Party",750830,"SOWMYA REDDY","Indian National Congress",473747,277083
"TAMIL NADU",THENI,"THANGA TAMILSELVAN","Dravida Munnetra Kazhagam",571493,"TTV DHINAKARAN","Amma Makkal Munnettra Kazagam",292668,278825
ASSAM,DIBRUGARH,"SARBANANDA SONOWAL","Bharatiya Janata Party",693762,"LURINJYOTI GOGOI","Assam Jatiya Parishad",414441,279321
"JAMMU & KASHMIR",ANANTNAG-RAJOURI,"MIAN ALTAF AHMAD","Jammu & Kashmir National Conference",521836,"MEHBOOBA MUFTI","Jammu & Kashmir Peoples Democratic Party",240042,281794
"ANDHRA PRADESH",VIJAYAWADA,"KESINENI SIVANATH (CHINNI)","Telugu Desam",794154,"KESINENI SRINIVAS  (NANI)","Yuvajana Sramika Rythu Congress Party",512069,282085
KARNATAKA,MANDYA,"H.D. KUMARASWAMY","Janata Dal  (Secular)",851881,"VENKATARAMANE GOWDA (STAR CHANDRU)","Indian National Congress",567261,284620
GUJARAT,"AHMEDABAD WEST","DINESHBHAI MAKWANA (ADVOCATE)","Bharatiya Janata Party",611704,"BHARAT YOGENDRA MAKWANA","Indian National Congress",325267,286437
JHARKHAND,PALAMAU,"VISHNU DAYAL RAM","Bharatiya Janata Party",770362,"MAMTA BHUIYAN","Rashtriya Janata Dal",481555,288807
DELHI,"NORTH-WEST DELHI","YOGENDER CHANDOLIYA","Bharatiya Janata Party",866483,"UDIT RAJ","Indian National Congress",575634,290849
"UTTAR PRADESH",MATHURA,"HEMAMALINI DHARMENDRA DEOL","Bharatiya Janata Party",510064,"MUKESH DHANGAR","Indian National Congress",216657,293407
"ANDHRA PRADESH",ANAKAPALLE,C.M.RAMESH,"Bharatiya Janata Party",762069,"BUDI MUTYALA NAIDU","Yuvajana Sramika Rythu Congress Party",465539,296530
KERALA,MALAPPURAM,"E.T.  MOHAMMED BASHEER","Indian Union Muslim League",644006,"V. VASEEF","Communist Party of India  (Marxist)",343888,300118
"TAMIL NADU",ARAKKONAM,"S JAGATHRATCHAKAN","Dravida Munnetra Kazhagam",563216,"L VIJAYAN","All India Anna Dravida Munnetra Kazhagam",256657,306559
"TAMIL NADU",TIRUCHIRAPPALLI,"DURAI VAIKO","Marumalarchi Dravida Munnetra Kazhagam",542213,"KARUPPAIAH. P","All India Anna Dravida Munnetra Kazhagam",229119,313094
"TAMIL NADU",THANJAVUR,"MURASOLI S","Dravida Munnetra Kazhagam",502245,"SIVANESAN P","Desiya Murpokku Dravida Kazhagam",182662,319583
GUJARAT,AMRELI,"BHARATBHAI MANUBHAI SUTARIYA","Bharatiya Janata Party",580872,"JENNY THUMMAR","Indian National Congress",259804,321068
"WEST BENGAL",BOLPUR,"ASIT KUMAR MAL","All India Trinamool Congress",855633,"PIYA SAHA","Bharatiya Janata Party",528380,327253
"ANDHRA PRADESH",SRIKAKULAM,"KINJARAPU RAMMOHAN NAIDU","Telugu Desam",754328,"TILAK PERADA","Yuvajana Sramika Rythu Congress Party",426427,327901
GUJARAT,MAHESANA,"HARIBHAI PATEL","Bharatiya Janata Party",686406,"RAMJI THAKOR","Indian National Congress",358360,328046
ASSAM,DARRANG-UDALGURI,"DILIP SAIKIA","Bharatiya Janata Party",868387,"MADHAB RAJBANGSHI","Indian National Congress",539375,329012
MAHARASHTRA,OSMANABAD,"OMPRAKASH BHUPALSINH ALIAS PAVAN RAJENIMBALKAR","Shiv Sena (Uddhav Balasaheb Thackrey)",748752,"ARCHANA RANAJAGJITSINH PATIL","Nationalist Congress Party",418906,329846
RAJASTHAN,AJMER,"BHAGIRATH CHOUDHARY","Bharatiya Janata Party",747462,"RAMCHANDRA CHOUDHARY","Indian National Congress",417471,329991
JHARKHAND,DHANBAD,"DULU MAHATO","Bharatiya Janata Party",789172,"ANUPAMA SINGH","Indian National Congress",457589,331583
RAJASTHAN,JAIPUR,"MANJU SHARMA","Bharatiya Janata Party",886850,"PRATAP SINGH KHACHARIYAWAS","Indian National Congress",555083,331767
"WEST BENGAL",BASIRHAT,"SK NURUL ISLAM","All India Trinamool Congress",803762,"REKHA PATRA","Bharatiya Janata Party",470215,333547
GUJARAT,DAHOD,"JASWANTSINH SUMANBHAI BHABHOR","Bharatiya Janata Party",688715,"DR. PRABHABEN KISHORSINH TAVIYAD","Indian National Congress",355038,333677
UTTARAKHAND,"NAINITAL-UDHAMSINGH NAGAR","AJAY BHATT","Bharatiya Janata Party",772671,"PRAKASH JOSHI","Indian National Congress",438123,334548
"UTTAR PRADESH",GHAZIABAD,"ATUL GARG","Bharatiya Janata Party",854170,"DOLLY SHARMA","Indian National Congress",517205,336965
KARNATAKA,"UTTARA KANNADA","VISHWESHWAR HEGDE KAGERI","Bharatiya Janata Party",782495,"DR. ANJALI NIMBALKAR","Indian National Congress",445067,337428
TELANGANA,HYDERABAD,"ASADUDDIN OWAISI","All India Majlis-E-Ittehadul Muslimeen",661981,"MADHAVI LATHA KOMPELLA","Bharatiya Janata Party",323894,338087
"TAMIL NADU","CHENNAI NORTH","DR.KALANIDHI VEERASWAMY","Dravida Munnetra Kazhagam",497333,"R. MANOHAR","All India Anna Dravida Munnetra Kazhagam",158111,339222
"ANDHRA PRADESH",AMALAPURAM,"G M HARISH (BALAYOGI)","Telugu Desam",796981,"RAPAKA VARAPRASADA RAO","Yuvajana Sramika Rythu Congress Party",454785,342196
"ANDHRA PRADESH",GUNTUR,"DR CHANDRA SEKHAR PEMMASANI","Telugu Desam",864948,"KILARI VENKATA ROSAIAH","Yuvajana Sramika Rythu Congress Party",520253,344695
HARYANA,ROHTAK,"DEEPENDER SINGH HOODA","Indian National Congress",783578,"DR. ARVIND KUMAR SHARMA","Bharatiya Janata Party",438280,345298
TELANGANA,MAHABUBABAD,"BALRAM NAIK PORIKA","Indian National Congress",612774,"KAVITHA MALOTH","Bharat Rashtra Samithi",263609,349165
RAJASTHAN,BHILWARA,"DAMODAR AGARWAL","Bharatiya Janata Party",807640,"C P JOSHI","Indian National Congress",453034,354606
MAHARASHTRA,"MUMBAI NORTH","PIYUSH GOYAL","Bharatiya Janata Party",680146,"BHUSHAN PATIL","Indian National Congress",322538,357608
GUJARAT,KHEDA,"DEVUSINH CHAUHAN","Bharatiya Janata Party",744435,"KALUSINH DABHI","Indian National Congress",386677,357758
ASSAM,SONITPUR,"RANJIT DUTTA","Bharatiya Janata Party",775788,"PREMLAL GANJU","Indian National Congress",414380,361408
KERALA,WAYANAD,"RAHUL GANDHI","Indian National Congress",647445,"ANNIE RAJA","Communist Party of India",283023,364422
RAJASTHAN,JHALAWAR-BARAN,"DUSHYANT SINGH","Bharatiya Janata Party",865376,"URMILA JAIN “BHAYA”","Indian National Congress",494387,370989
MEGHALAYA,SHILLONG,"DR. RICKY ANDREW J. SYNGKON","Voice of the People Party",571078,"VINCENT H. PALA","Indian National Congress",199168,371910
"MADHYA PRADESH",UJJAIN,"ANIL FIROJIYA","Bharatiya Janata Party",836104,"MAHESH PARMAR","Indian National Congress",460244,375860
JHARKHAND,KODARMA,"ANNPURNA DEVI","Bharatiya Janata Party",791657,"VINOD KUMAR SINGH","Communist Party of India  (Marxist-Leninist)  (Liberation)",414643,377014
"MADHYA PRADESH",BETUL,"DURGADAS (D. D.) UIKEY","Bharatiya Janata Party",848236,"RAMU TEKAM","Indian National Congress",468475,379761
GUJARAT,PORBANDAR,"DR. MANSUKH MANDAVIYA","Bharatiya Janata Party",633118,"LALIT VASOYA","Indian National Congress",249758,383360
"TAMIL NADU",PERAMBALUR,"ARUN NEHRU","Dravida Munnetra Kazhagam",603209,"CHANDRAMOHAN N D","All India Anna Dravida Munnetra Kazhagam",214102,389107
RAJASTHAN,CHITTORGARH,"CHANDRA PRAKASH JOSHI","Bharatiya Janata Party",888202,"ANJANA UDAILAL","Indian National Congress",498325,389877
"UTTAR PRADESH","RAE BARELI","RAHUL GANDHI","Indian National Congress",687649,"DINESH PRATAP SINGH","Bharatiya Janata Party",297619,390030
TELANGANA,MALKAJGIRI,"EATALA RAJENDER","Bharatiya Janata Party",991042,"PATNAM SUNEETHA MAHENDER REDDY","Indian National Congress",599567,391475
RAJASTHAN,RAJSAMAND,"MAHIMA KUMARI MEWAR","Bharatiya Janata Party",781203,"DR. DAMODAR GURJAR","Indian National Congress",388980,392223
"TAMIL NADU",THOOTHUKKUDI,"KANIMOZHI KARUNANIDHI","Dravida Munnetra Kazhagam",540729,"SIVASAMY VELUMANI R","All India Anna Dravida Munnetra Kazhagam",147991,392738
"MADHYA PRADESH",SHAHDOL,"SMT. HIMADRI SINGH","Bharatiya Janata Party",711143,"PHUNDE LAL SINGH MARKO","Indian National Congress",313803,397340
GUJARAT,"CHHOTA UDAIPUR","JASHUBHAI BHILUBHAI RATHVA","Bharatiya Janata Party",796589,"SUKHRAMBHAI HARIYABHAI RATHWA","Indian National Congress",397812,398777
"MADHYA PRADESH",TIKAMGARH,"DR. VIRENDRA KUMAR","Bharatiya Janata Party",715050,"KHUMAN URF PANKAJ AHIRWAR","Indian National Congress",311738,403312
"MADHYA PRADESH",DAMOH,"RAHUL SINGH LODHI","Bharatiya Janata Party",709768,"TARBAR SINGH LODHI (BANTU BHAIYA)","Indian National Congress",303342,406426
"MADHYA PRADESH",DEWAS,"MAHENDRA SINGH SOLANKY","Bharatiya Janata Party",928941,"RAJENDRA RADHAKISHAN MALVIYA","Indian National Congress",503716,425225
"MADHYA PRADESH",HOSHANGABAD,"DARSHAN SINGH CHOUDHARY","Bharatiya Janata Party",812147,"SANJAY SHARMA SANJU BHAIYA","Indian National Congress",380451,431696
CHHATTISGARH,DURG,"VIJAY BAGHEL","Bharatiya Janata Party",956497,"RAJENDRA SAHU","Indian National Congress",518271,438226
"TAMIL NADU",DINDIGUL,"SACHITHANANTHAM R","Communist Party of India  (Marxist)",670149,"MOHAMED MUBARAK M A","All India Anna Dravida Munnetra Kazhagam",226328,443821
GUJARAT,BHAVNAGAR,"NIMUBEN JAYANTIBHAI BAMBHANIYA (NIMUBEN BAMBHANIYA)","Bharatiya Janata Party",716883,"UMESHBHAI NARANBHAI MAKWANA","Aam Aadmi Party",261594,455289
GUJARAT,"AHMEDABAD EAST","HASMUKHBHAI PATEL (H.S.PATEL)","Bharatiya Janata Party",770459,"HIMMATSINH PRAHLADSINH PATEL","Indian National Congress",308704,461755
TELANGANA,KHAMMAM,"RAMASAHAYAM RAGHURAM REDDY","Indian National Congress",766929,"NAMA NAGESWARA RAO","Bharat Rashtra Samithi",299082,467847
"WEST BENGAL",JOYNAGAR,"PRATIMA MONDAL","All India Trinamool Congress",894312,"ASHOK KANDARY","Bharatiya Janata Party",424093,470219
"MADHYA PRADESH",SAGAR,"DR. LATA WANKHEDE","Bharatiya Janata Party",787979,"CHANDRA BHUSAN SINGH BUNDELA GUDDU RAJA","Indian National Congress",316757,471222
GUJARAT,RAJKOT,"PARSHOTTAMBHAI RUPALA","Bharatiya Janata Party",857984,"DHANANI PARESH","Indian National Congress",373724,484260
"MADHYA PRADESH",JABALPUR,"ASHISH DUBEY","Bharatiya Janata Party",790133,"DINESH YADAV","Indian National Congress",303459,486674
TRIPURA,"TRIPURA EAST","KRITI DEVI DEBBARMAN","Bharatiya Janata Party",777447,"RAJENDRA REANG","Communist Party of India  (Marxist)",290628,486819
"TAMIL NADU",SRIPERUMBUDUR,"T R BAALU","Dravida Munnetra Kazhagam",758611,"G PREMKUMAR","All India Anna Dravida Munnetra Kazhagam",271582,487029
"MADHYA PRADESH",MANDSOUR,"SUDHEER GUPTA","Bharatiya Janata Party",945761,"DILIP SINGH GURJAR","Indian National Congress",445106,500655
"MADHYA PRADESH",BHOPAL,"ALOK SHARMA","Bharatiya Janata Party",981109,"ADVOCATE ARUN SHRIVASTAVA","Indian National Congress",479610,501499
"ANDHRA PRADESH",VISAKHAPATNAM,"SRIBHARAT MATHUKUMILI","Telugu Desam",907467,"JHANSI LAKSHMI. BOTCHA.","Yuvajana Sramika Rythu Congress Party",403220,504247
GUJARAT,PANCHMAHAL,"RAJPALSINH MAHENDRASINH JADAV","Bharatiya Janata Party",794579,"GULABSINH SOMSINH CHAUHAN","Indian National Congress",285237,509342
"MADHYA PRADESH",GUNA,"JYOTIRADITYA M. SCINDIA","Bharatiya Janata Party",923302,"YADVENDRA RAO DESHRAJ SINGH","Indian National Congress",382373,540929
"MADHYA PRADESH",KHAJURAHO,"VISHNU DATT SHARMA (V.D.SHARMA)","Bharatiya Janata Party",772774,"KAMLESH KUMAR","Bahujan Samaj Party",231545,541229
"UTTAR PRADESH","GAUTAM BUDDHA NAGAR","DR. MAHESH SHARMA","Bharatiya Janata Party",857829,"DR. MAHENDRA SINGH NAGAR","Samajwadi Party",298357,559472
TELANGANA,NALGONDA,"KUNDURU RAGHUVEER","Indian National Congress",784337,"SAIDI REDDY SHANAMPUDI","Bharatiya Janata Party",224432,559905
"TAMIL NADU",TIRUVALLUR,"Sasikanth Senthil","Indian National Congress",796956,"Balaganapathy V. Pon","Bharatiya Janata Party",224801,572155
CHHATTISGARH,RAIPUR,"BRIJMOHAN AGRAWAL","Bharatiya Janata Party",1050351,"VIKAS UPADHYAY","Indian National Congress",475066,575285
GUJARAT,VADODARA,"DR. HEMANG JOSHI","Bharatiya Janata Party",873189,"PADHIYAR  JASHPALSINH MAHENDRASINH (BAPU)","Indian National Congress",291063,582126
TRIPURA,"TRIPURA WEST","BIPLAB KUMAR DEB","Bharatiya Janata Party",881341,"ASISH KUMAR SAHA","Indian National Congress",269763,611578
"WEST BENGAL","DIAMOND HARBOUR","ABHISHEK BANERJEE","All India Trinamool Congress",1048230,"ABHIJIT DAS (BOBBY)","Bharatiya Janata Party",337300,710930
GUJARAT,GANDHINAGAR,"AMIT SHAH","Bharatiya Janata Party",1010972,"SONAL RAMANBHAI PATEL","Indian National Congress",266256,744716
GUJARAT,NAVSARI,"C R PATIL","Bharatiya Janata Party",1031065,"NAISHADHBHAI BHUPATBHAI  DESAI","Indian National Congress",257514,773551
"MADHYA PRADESH",VIDISHA,"SHIVRAJ SINGH CHOUHAN","Bharatiya Janata Party",1116460,"PRATAPBHANU SHARMA","Indian National Congress",295052,821408
"MADHYA PRADESH",INDORE,"SHANKAR LALWANI","Bharatiya Janata Party",1226751,NOTA,"None of the Above",218674,1008077
ASSAM,DHUBRI,"RAKIBUL HUSSAIN","Indian National Congress",1471885,"MOHAMMED BADRUDDIN AJMAL","All India United Democratic Front",459409,1012476
