CANDIDATE,PARTY,CONSTITUENCY,STATE,VOTE_SHARE
"MUKESHKUMAR CHANDRAKAANT DALAL ( Uncontested )","Bharatiya Janata Party",SURAT,GUJARAT,NULL
"SHER SINGH GHUBAYA","Indian National Congress",FIROZPUR,PUNJAB,23.6977
"DR DHARAMVIRA GANDHI","Indian National Congress",PATIALA,PUNJAB,26.5351
"GURJEET SINGH AUJLA","Indian National Congress",AMRITSAR,PUNJAB,28.1764
"MALVINDER SINGH KANG","Aam Aadmi Party","ANANDPUR SAHIB",PUNJAB,29.0790
"SARABJEET SINGH KHALSA",Independent,FARIDKOT,PUNJAB,29.3815
"AMRINDER SINGH RAJA WARRING","Indian National Congress",LUDHIANA,PUNJAB,30.4227
"JADHAV PRATAPRAO GANPATRAO","Shiv Sena",BULDHANA,MAHARASHTRA,31.5339
"DR. RAJ KUMAR CHABBEWAL","Aam Aadmi Party",HOSHIARPUR,PUNJAB,32.0362
"HARSIMRAT KAUR BADAL","Shiromani Akali Dal",BATHINDA,PUNJAB,32.7109
"ADV ADOOR PRAKASH","Indian National Congress",ATTINGAL,KERALA,33.2931
"SUKHJINDER SINGH RANDHAWA","Indian National Congress",GURDASPUR,PUNJAB,33.7757
"MADHAVANENI RAGHUNANDAN RAO","Bharatiya Janata Party",MEDAK,TELANGANA,33.9925
"AMAR SINGH","Indian National Congress","FATEHGARH SAHIB",PUNJAB,34.1379
"MANI. A.","Dravida Munnetra Kazhagam",DHARMAPURI,"TAMIL NADU",34.6735
"MOHAMMAD JAWED","Indian National Congress",KISHANGANJ,BIHAR,34.9970
"CHANDRA PRAKASH CHOUDHARY","AJSU Party",GIRIDIH,JHARKHAND,35.6679
"GURMEET SINGH MEET HAYER","Aam Aadmi Party",SANGRUR,PUNJAB,36.0600
"MANICKAM TAGORE B","Indian National Congress",VIRUDHUNAGAR,"TAMIL NADU",36.2798
"BHUMARE SANDIPANRAO ASARAM","Shiv Sena",AURANGABAD,MAHARASHTRA,36.5636
"RAJA RAM SINGH","Communist Party of India  (Marxist-Leninist)  (Liberation)",KARAKAT,BIHAR,36.8917
"KHAGEN MURMU","Bharatiya Janata Party","MALDAHA UTTAR","WEST BENGAL",37.1774
"SHASHI THAROOR","Indian National Congress",THIRUVANANTHAPURAM,KERALA,37.1922
"SURESH GOPI","Bharatiya Janata Party",THRISSUR,KERALA,37.7988
"PATHAN YUSUF","All India Trinamool Congress",BAHARAMPUR,"WEST BENGAL",37.8775
"DR.MALLU RAVI","Indian National Congress",NAGARKURNOOL,TELANGANA,38.1449
"K. C VENUGOPAL","Indian National Congress",ALAPPUZHA,KERALA,38.2128
"AMRITPAL SINGH",Independent,"KHADOOR SAHIB",PUNJAB,38.6214
"VIJAYLAKSHMI DEVI","Janata Dal  (United)",SIWAN,BIHAR,38.7276
"BALABHADRA MAJHI","Bharatiya Janata Party",NABARANGPUR,ODISHA,38.7449
"KRISHNA DEVI SHIVSHANKER PATEL","Samajwadi Party",BANDA,"UTTAR PRADESH",38.9383
"ANUP SANJAY DHOTRE","Bharatiya Janata Party",AKOLA,MAHARASHTRA,38.9601
"JOYANTA BASUMATARY","United People’s Party Liberal",KOKRAJHAR,ASSAM,39.3876
"CHARANJIT SINGH CHANNI","Indian National Congress",JALANDHAR,PUNJAB,39.4349
"CHANDAN CHAUHAN","Rashtriya Lok Dal",BIJNOR,"UTTAR PRADESH",39.4846
"KHALILUR RAHAMAN","All India Trinamool Congress",JANGIPUR,"WEST BENGAL",39.7498
"BALYA MAMA - SURESH GOPINATH MHATRE","Nationalist Congress Party – Sharadchandra Pawar",BHIWANDI,MAHARASHTRA,39.8488
"ANAND BHADAURIYA","Samajwadi Party",DHAURAHRA,"UTTAR PRADESH",39.9104
"ANTO ANTONY","Indian National Congress",PATHANAMTHITTA,KERALA,39.9778
"DHAIRYASHEEL SAMBHAJIRAO MANE","Shiv Sena",HATKANANGALE,MAHARASHTRA,40.1374
"MATHESWARAN V S","Dravida Munnetra Kazhagam",NAMAKKAL,"TAMIL NADU",40.3066
"JYOTIRMAY SINGH MAHATO","Bharatiya Janata Party",PURULIA,"WEST BENGAL",40.3404
"KARTI P CHIDAMBARAM","Indian National Congress",SIVAGANGA,"TAMIL NADU",40.5989
K.RADHAKRISHNAN,"Communist Party of India  (Marxist)",ALATHUR,KERALA,40.6591
"V K SREEKANDAN","Indian National Congress",PALAKKAD,KERALA,40.6598
"MALVIKA DEVI","Bharatiya Janata Party",KALAHANDI,ODISHA,40.7949
"SUDHAKAR SINGH","Rashtriya Janata Dal",BUXAR,BIHAR,40.8234
"GUMMA THANUJA RANI","Yuvajana Sramika Rythu Congress Party",ARAKU,"ANDHRA PRADESH",40.9642
"DR RANI SRI KUMAR","Dravida Munnetra Kazhagam",TENKASI,"TAMIL NADU",40.9654
"KARTICK CHANDRA PAUL","Bharatiya Janata Party",RAIGANJ,"WEST BENGAL",40.9871
"SAPTAGIRI SANKAR ULAKA","Indian National Congress",KORAPUT,ODISHA,41.0320
"KODIKUNNIL SURESH","Indian National Congress",MAVELIKKARA,KERALA,41.2880
"SUBBARAYAN K.","Communist Party of India",TIRUPPUR,"TAMIL NADU",41.3758
"RAVIKUMAR. D","Viduthalai Chiruthaigal Katchi",VILUPPURAM,"TAMIL NADU",41.3852
"GANAPATHY RAJKUMAR P","Dravida Munnetra Kazhagam",COIMBATORE,"TAMIL NADU",41.3889
"BENNY BEHANAN","Indian National Congress",CHALAKUDY,KERALA,41.4355
"ARUNA. D. K","Bharatiya Janata Party",MAHBUBNAGAR,TELANGANA,41.6570
"UMMEDA RAM BENIWAL","Indian National Congress",BARMER,RAJASTHAN,41.7449
"ISHA KHAN CHOUDHURY","Indian National Congress","MALDAHA DAKSHIN","WEST BENGAL",41.7871
"SUKANTA KUMAR PANIGRAHI","Bharatiya Janata Party",KANDHAMAL,ODISHA,41.8049
"SOUGATA RAY","All India Trinamool Congress","DUM DUM","WEST BENGAL",41.9492
"GOPINATH K","Indian National Congress",KRISHNAGIRI,"TAMIL NADU",42.2656
"DR. VINOD KUMAR BIND","Bharatiya Janata Party",BHADOHI,"UTTAR PRADESH",42.3949
"RICHARD VANLALHMANGAIHA","Zoram People’s Movement",MIZORAM,MIZORAM,42.4459
"AASHTIKAR PATIL NAGESH BAPURAO","Shiv Sena (Uddhav Balasaheb Thackrey)",HINGOLI,MAHARASHTRA,42.4856
"BIRENDRA SINGH","Samajwadi Party",CHANDAULI,"UTTAR PRADESH",42.4968
"PRIYA SAROJ","Samajwadi Party",MACHHLISHAHR,"UTTAR PRADESH",42.5722
"ANUPRIYA PATEL","Apna Dal (Soneylal)",MIRZAPUR,"UTTAR PRADESH",42.6659
"INDRA HANG SUBBA","Sikkim Krantikari Morcha",SIKKIM,SIKKIM,42.7121
"SURESH KUMAR SHETKAR","Indian National Congress",ZAHIRABAD,TELANGANA,42.7318
"JUAL ORAM","Bharatiya Janata Party",SUNDARGARH,ODISHA,42.7662
"KANWAR SINGH TANWAR","Bharatiya Janata Party",AMROHA,"UTTAR PRADESH",42.9018
"RAMBHUAL NISHAD","Samajwadi Party",SULTANPUR,"UTTAR PRADESH",42.9974
"RAJKUMAR CHAHAR","Bharatiya Janata Party","FATEHPUR SIKRI","UTTAR PRADESH",43.0938
"THIRUMAAVALAVAN THOL","Viduthalai Chiruthaigal Katchi",CHIDAMBARAM,"TAMIL NADU",43.2779
"SELVAGANAPATHI T M","Dravida Munnetra Kazhagam",SALEM,"TAMIL NADU",43.3833
"GANESH SINGH","Bharatiya Janata Party",SATNA,"MADHYA PRADESH",43.4127
"SHIVMANGAL SINGH TOMAR","Bharatiya Janata Party",MORENA,"MADHYA PRADESH",43.4148
"VAMSI KRISHNA GADDAM","Indian National Congress",PEDDAPALLE,TELANGANA,43.4209
"VENKATESAN S","Communist Party of India  (Marxist)",MADURAI,"TAMIL NADU",43.6005
"ADV K FRANCIS GEORGE","Kerala Congress",KOTTAYAM,KERALA,43.6045
"HARENDRA SINGH MALIK","Samajwadi Party",MUZAFFARNAGAR,"UTTAR PRADESH",43.6391
"DR. HEMANT VISHNU SAVARA","Bharatiya Janata Party",PALGHAR,MAHARASHTRA,43.6927
"RAJEEV RAI","Samajwadi Party",GHOSI,"UTTAR PRADESH",43.7281
"DAROGA PRASAD SAROJ","Samajwadi Party",LALGANJ,"UTTAR PRADESH",43.8452
"THARANIVENTHAN M S","Dravida Munnetra Kazhagam",ARANI,"TAMIL NADU",43.8583
"AJENDRA SINGH LODHI","Samajwadi Party",HAMIRPUR,"UTTAR PRADESH",43.9956
"RAJMOHAN UNNITHAN","Indian National Congress",KASARAGOD,KERALA,44.1024
"MAHUA MOITRA","All India Trinamool Congress",KRISHNANAGAR,"WEST BENGAL",44.1035
"M.K. VISHNUPRASAD","Indian National Congress",CUDDALORE,"TAMIL NADU",44.1130
"SANGEETA KUMARI SINGH DEO","Bharatiya Janata Party",BOLANGIR,ODISHA,44.1168
"AVIMANYU SETHI","Bharatiya Janata Party",BHADRAK,ODISHA,44.1906
"RAMASHANKAR RAJBHAR","Samajwadi Party",SALEMPUR,"UTTAR PRADESH",44.1998
"JAI PRAKASH","Bharatiya Janata Party",HARDOI,"UTTAR PRADESH",44.2497
"ABU TAHER KHAN","All India Trinamool Congress",MURSHIDABAD,"WEST BENGAL",44.2696
"SATISH KUMAR GAUTAM","Bharatiya Janata Party",ALIGARH,"UTTAR PRADESH",44.2782
"ARUP CHAKRABORTY","All India Trinamool Congress",BANKURA,"WEST BENGAL",44.3341
"BANDI SANJAY KUMAR","Bharatiya Janata Party",KARIMNAGAR,TELANGANA,44.5683
"IMRAN MASOOD","Indian National Congress",SAHARANPUR,"UTTAR PRADESH",44.5699
"KALYAN VAIJINATHRAO KALE","Indian National Congress",JALNA,MAHARASHTRA,44.5865
"PRAVEEN PATEL","Bharatiya Janata Party",PHULPUR,"UTTAR PRADESH",44.5989
"BALWANT BASWANT WANKHADE","Indian National Congress",AMRAVATI,MAHARASHTRA,44.8433
"CHAMALA KIRAN KUMAR REDDY","Indian National Congress",BHONGIR,TELANGANA,44.8940
"KHAN SAUMITRA","Bharatiya Janata Party",BISHNUPUR,"WEST BENGAL",44.9265
"BAJRANG MANOHAR SONWANE","Nationalist Congress Party – Sharadchandra Pawar",BEED,MAHARASHTRA,44.9289
"MALAIYARASAN D","Dravida Munnetra Kazhagam",KALLAKURICHI,"TAMIL NADU",44.9427
"NAVEEN JINDAL","Bharatiya Janata Party",KURUKSHETRA,HARYANA,44.9612
"BHAUSAHEB RAJARAM WAKCHAURE","Shiv Sena (Uddhav Balasaheb Thackrey)",SHIRDI,MAHARASHTRA,44.9963
"TAPIR GAO","Bharatiya Janata Party","ARUNACHAL EAST","ARUNACHAL PRADESH",45.0098
"G. KISHAN REDDY","Bharatiya Janata Party",SECUNDERABAD,TELANGANA,45.1494
"LOVELY ANAND","Janata Dal  (United)",SHEOHAR,BIHAR,45.1507
"KAKOLI GHOSH DASTIDAR","All India Trinamool Congress",BARASAT,"WEST BENGAL",45.1527
"ASHOK KUMAR RAWAT","Bharatiya Janata Party",MISRIKH,"UTTAR PRADESH",45.1543
"JADHAV SANJAY ( BANDU ) HARIBHAU","Shiv Sena (Uddhav Balasaheb Thackrey)",PARBHANI,MAHARASHTRA,45.1738
"NARESH CHANDRA UTTAM PATEL","Samajwadi Party",FATEHPUR,"UTTAR PRADESH",45.1990
"NEERAJ MAURYA","Samajwadi Party",AONLA,"UTTAR PRADESH",45.2307
"KAMLESH PASWAN","Bharatiya Janata Party",BANSGAON,"UTTAR PRADESH",45.3757
"JAGDAMBIKA PAL","Bharatiya Janata Party",DOMARIYAGANJ,"UTTAR PRADESH",45.4680
"PRATAP CHANDRA SARANGI","Bharatiya Janata Party",BALASORE,ODISHA,45.4864
"MAHESH KASHYAP","Bharatiya Janata Party",BASTAR,CHHATTISGARH,45.5033
"PARTHA BHOWMICK","All India Trinamool Congress",BARRACKPUR,"WEST BENGAL",45.5600
"KALYAN BANERJEE","All India Trinamool Congress",SRERAMPUR,"WEST BENGAL",45.6455
"ANANTA NAYAK","Bharatiya Janata Party",KEONJHAR,ODISHA,45.6721
"ABDUL RASHID SHEIKH",Independent,BARAMULLA,"JAMMU & KASHMIR",45.6989
"LAXMIKANT PAPPU NISHAD","Samajwadi Party","SANT KABIR NAGAR","UTTAR PRADESH",45.7014
"BAG MITALI","All India Trinamool Congress",ARAMBAGH,"WEST BENGAL",45.7056
"GURUMOORTHY MADDILA","Yuvajana Sramika Rythu Congress Party",THIRUPATHI,"ANDHRA PRADESH",45.7285
"Y. S. AVINASH REDDY","Yuvajana Sramika Rythu Congress Party",KADAPA,"ANDHRA PRADESH",45.7757
"BIBHU PRASAD TARAI","Bharatiya Janata Party",JAGATSINGHPUR,ODISHA,45.7979
"SAYANI GHOSH","All India Trinamool Congress",JADAVPUR,"WEST BENGAL",45.8280
"KADIYAM KAVYA","Indian National Congress",WARANGAL,TELANGANA,45.8453
"SANJAY SETH","Bharatiya Janata Party",RANCHI,JHARKHAND,45.9139
"NAVASKANI K","Indian Union Muslim League",RAMANATHAPURAM,"TAMIL NADU",45.9218
"UTKARSH VERMA  MADHUR","Samajwadi Party",KHERI,"UTTAR PRADESH",45.9357
"ADITYA YADAV","Samajwadi Party",BADAUN,"UTTAR PRADESH",45.9674
"GODAM NAGESH","Bharatiya Janata Party",ADILABAD,TELANGANA,45.9833
"RABINDRA NARAYAN BEHERA","Bharatiya Janata Party",JAJPUR,ODISHA,46.0072
"PATEL UMESHBHAI BABUBHAI",Independent,"DAMAN & DIU","DADRA & NAGAR HAVELI AND DAMAN & DIU",46.0156
CHHOTELAL,"Samajwadi Party",ROBERTSGANJ,"UTTAR PRADESH",46.1444
"RAJIV PRATAP RUDY","Bharatiya Janata Party",SARAN,BIHAR,46.1819
"BABU SINGH KUSHWAHA","Samajwadi Party",JAUNPUR,"UTTAR PRADESH",46.2094
"ARUN GOVIL","Bharatiya Janata Party",MEERUT,"UTTAR PRADESH",46.2138
"NALIN SOREN","Jharkhand Mukti Morcha",DUMKA,JHARKHAND,46.2254
"LALJI VERMA","Samajwadi Party","AMBEDKAR NAGAR","UTTAR PRADESH",46.2982
"RACHNA BANERJEE","All India Trinamool Congress",HOOGHLY,"WEST BENGAL",46.3090
"SANATAN PANDEY","Samajwadi Party",BALLIA,"UTTAR PRADESH",46.3673
"RAJA A","Dravida Munnetra Kazhagam",NILGIRIS,"TAMIL NADU",46.4431
"SUKANTA MAJUMDAR","Bharatiya Janata Party",BALURGHAT,"WEST BENGAL",46.4715
"BHASKAR MURLIDHAR BHAGARE","Nationalist Congress Party – Sharadchandra Pawar",DINDORI,MAHARASHTRA,46.5255
"SELVAM. G","Dravida Munnetra Kazhagam",KANCHEEPURAM,"TAMIL NADU",46.5270
"SHATRUGHAN PRASAD SINHA","All India Trinamool Congress",ASANSOL,"WEST BENGAL",46.5330
"JYOTSNA CHARANDAS MAHANT","Indian National Congress",KORBA,CHHATTISGARH,46.5336
"SHIV PAL SINGH PATEL (DR. S P SINGH)","Samajwadi Party",PRATAPGARH,"UTTAR PRADESH",46.6523
"MANOJ KUMAR","Indian National Congress",SASARAM,BIHAR,46.7611
"AFZAL ANSARI","Samajwadi Party",GHAZIPUR,"UTTAR PRADESH",46.8229
"CHAVAN VASANTRAO BALWANTRAO","Indian National Congress",NANDED,MAHARASHTRA,46.8772
"ANGOMCHA BIMOL AKOIJAM","Indian National Congress","INNER MANIPUR",MANIPUR,46.9342
"NARAYAN DAS AHIRWAR","Samajwadi Party",JALAUN,"UTTAR PRADESH",46.9623
"T.SUMATHY (ALIAS) THAMIZHACHI THANGAPANDIAN","Dravida Munnetra Kazhagam","CHENNAI SOUTH","TAMIL NADU",46.9952
"SATABDI ROY","All India Trinamool Congress",BIRBHUM,"WEST BENGAL",47.0044
"ROBERT BRUCE C","Indian National Congress",TIRUNELVELI,"TAMIL NADU",47.0558
"DEVESH SHAKYA","Samajwadi Party",ETAH,"UTTAR PRADESH",47.0919
"NILESH DNYANDEV LANKE","Nationalist Congress Party – Sharadchandra Pawar",AHMEDNAGAR,MAHARASHTRA,47.1375
"DEVESH CHANDRA THAKUR","Janata Dal  (United)",SITAMARHI,BIHAR,47.1410
"MUKESH RAJPUT","Bharatiya Janata Party",FARRUKHABAD,"UTTAR PRADESH",47.2012
"VIVEK THAKUR","Bharatiya Janata Party",NAWADA,BIHAR,47.2034
"BHOJRAJ NAG","Bharatiya Janata Party",KANKER,CHHATTISGARH,47.2270
"JOTHIMANI. S","Indian National Congress",KARUR,"TAMIL NADU",47.2513
"SWAMI SACHCHIDANAND HARI SAKSHI","Bharatiya Janata Party",UNNAO,"UTTAR PRADESH",47.3122
"APARAJITA SARANGI","Bharatiya Janata Party",BHUBANESWAR,ODISHA,47.3583
"ESWARASAMY K","Dravida Munnetra Kazhagam",POLLACHI,"TAMIL NADU",47.3673
"JUNE MALIAH","All India Trinamool Congress",MEDINIPUR,"WEST BENGAL",47.3954
"RAVINDRA DATTARAM WAIKAR","Shiv Sena","MUMBAI NORTH WEST",MAHARASHTRA,47.4003
"BHARTRUHARI MAHTAB","Bharatiya Janata Party",CUTTACK,ODISHA,47.4307
"BANDYOPADHYAY SUDIP","All India Trinamool Congress","KOLKATA UTTAR","WEST BENGAL",47.4416
"RAJESH RANJAN ALIAS PAPPU YADAV",Independent,PURNIA,BIHAR,47.4607
"JITENDRA KUMAR DOHARE","Samajwadi Party",ETAWAH,"UTTAR PRADESH",47.4709
"ARUN KUMAR SAGAR","Bharatiya Janata Party",SHAHJAHANPUR,"UTTAR PRADESH",47.4972
"SUNIL KUMAR","Janata Dal  (United)","VALMIKI NAGAR",BIHAR,47.5048
"KRIPANATH MALLAH","Bharatiya Janata Party",KARIMGANJ,ASSAM,47.5283
"DR. PRASHANT YADAORAO PADOLE","Indian National Congress","BHANDARA GONDIYA",MAHARASHTRA,47.5610
"DEVENDRA SINGH ALIAS BHOLE SINGH","Bharatiya Janata Party",AKBARPUR,"UTTAR PRADESH",47.6031
"SUDHA R","Indian National Congress",MAYILADUTHURAI,"TAMIL NADU",47.6653
"SHRIMANT CHH UDAYANRAJE PRATAPSINHAMAHARAJ BHONSLE","Bharatiya Janata Party",SATARA,MAHARASHTRA,47.6738
"M. K. RAGHAVAN","Indian National Congress",KOZHIKODE,KERALA,47.7429
"ANNADURAI C.N.","Dravida Munnetra Kazhagam",TIRUVANNAMALAI,"TAMIL NADU",47.7529
"VIJAY KUMAR DUBAY","Bharatiya Janata Party","KUSHI NAGAR","UTTAR PRADESH",47.7884
"SELVARAJ V","Communist Party of India",NAGAPATTINAM,"TAMIL NADU",47.7943
"ZIA UR REHMAN","Samajwadi Party",SAMBHAL,"UTTAR PRADESH",47.7966
"SURENDRA PRASAD YADAV","Rashtriya Janata Dal",JAHANABAD,BIHAR,47.8765
"BACHHAV SHOBHA DINESH","Indian National Congress",DHULE,MAHARASHTRA,47.8855
"PRADEEP KUMAR SINGH","Bharatiya Janata Party",ARARIA,BIHAR,47.9136
"DILIP SAIKIA","Bharatiya Janata Party",DARRANG-UDALGURI,ASSAM,47.9454
"DR. PRABHA MALLIKARJUN","Indian National Congress",DAVANAGERE,KARNATAKA,47.9456
"AZAD KIRTI JHA","All India Trinamool Congress",BARDHAMAN-DURGAPUR,"WEST BENGAL",47.9877
"ARVIND DHARMAPURI","Bharatiya Janata Party",NIZAMABAD,TELANGANA,48.0161
"DR. SHARMILA SARKAR","All India Trinamool Congress","BARDHAMAN PURBA","WEST BENGAL",48.1064
"DR. ALOK KUMAR SUMAN","Janata Dal  (United)",GOPALGANJ,BIHAR,48.1517
"MOHMAD HANEEFA",Independent,LADAKH,LADAKH,48.1531
"SHANTANU THAKUR","Bharatiya Janata Party",BANGAON,"WEST BENGAL",48.1884
"DHARMENDRA YADAV","Samajwadi Party",AZAMGARH,"UTTAR PRADESH",48.1962
"RAKESH RATHOR","Indian National Congress",SITAPUR,"UTTAR PRADESH",48.1970
"HANUMAN BENIWAL","Rashtriya Loktantrik Party",NAGAUR,RAJASTHAN,48.2009
"BAIJAYANT PANDA","Bharatiya Janata Party",KENDRAPARA,ODISHA,48.2109
"MANISH TEWARI","Indian National Congress",CHANDIGARH,CHANDIGARH,48.2237
"SUDAMA PRASAD","Communist Party of India  (Marxist-Leninist)  (Liberation)",ARRAH,BIHAR,48.2766
"RAJIV RANJAN SINGH ALIAS LALAN SINGH","Janata Dal  (United)",MUNGER,BIHAR,48.2974
"ALFRED KANNGAM S ARTHUR","Indian National Congress","OUTER MANIPUR",MANIPUR,48.3164
"DILESHWAR KAMAIT","Janata Dal  (United)",SUPAUL,BIHAR,48.3333
"KONDA VISHWESHWAR REDDY","Bharatiya Janata Party",CHEVELLA,TELANGANA,48.3409
"CAPTAIN  VIRIATO FERNANDES","Indian National Congress","SOUTH GOA",GOA,48.3521
"SHASHANK MANI","Bharatiya Janata Party",DEORIA,"UTTAR PRADESH",48.3597
"P V MIDHUN REDDY","Yuvajana Sramika Rythu Congress Party",RAJAMPET,"ANDHRA PRADESH",48.3776
"VEENA DEVI","Lok Janshakti Party(Ram Vilas)",VAISHALI,BIHAR,48.3800
"S JAGATHRATCHAKAN","Dravida Munnetra Kazhagam",ARAKKONAM,"TAMIL NADU",48.3937
"TARIQ ANWAR","Indian National Congress",KATIHAR,BIHAR,48.4054
"N K PREMACHANDRAN","Revolutionary Socialist Party",KOLLAM,KERALA,48.4473
"R.K. CHAUDHARY","Samajwadi Party",MOHANLALGANJ,"UTTAR PRADESH",48.4858
"SANJAY UTTAMRAO DESHMUKH","Shiv Sena (Uddhav Balasaheb Thackrey)","YAVATMAL- WASHIM",MAHARASHTRA,48.5347
"ABHIJIT GANGOPADHYAY","Bharatiya Janata Party",TAMLUK,"WEST BENGAL",48.5370
"ANITA SUBHADARSHINI","Bharatiya Janata Party",ASKA,ODISHA,48.5528
"DR JAYANTA KUMAR ROY","Bharatiya Janata Party",JALPAIGURI,"WEST BENGAL",48.5665
"JAGADISH CHANDRA BARMA BASUNIA","All India Trinamool Congress",COOCHBEHAR,"WEST BENGAL",48.5737
"JAI PARKASH (J P) S/O HARIKESH","Indian National Congress",HISAR,HARYANA,48.5833
"AWADHESH PRASAD","Samajwadi Party",FAIZABAD,"UTTAR PRADESH",48.5937
"RAM PRASAD CHAUDHARY","Samajwadi Party",BASTI,"UTTAR PRADESH",48.6674
"SANJAY DINA PATIL","Shiv Sena (Uddhav Balasaheb Thackrey)","MUMBAI NORTH EAST",MAHARASHTRA,48.6726
"AMAR SHARADRAO KALE","Nationalist Congress Party – Sharadchandra Pawar",WARDHA,MAHARASHTRA,48.6849
"KAMLESH JANGDE","Bharatiya Janata Party",JANJGIR-CHAMPA,CHHATTISGARH,48.7128
"RAMPRIT MANDAL","Janata Dal  (United)",JHANJHARPUR,BIHAR,48.7348
"K. SUDHAKARAN","Indian National Congress",KANNUR,KERALA,48.7401
"UJJWAL RAMAN SINGH","Indian National Congress",ALLAHABAD,"UTTAR PRADESH",48.8010
"SHRIRANG APPA CHANDU BARNE","Shiv Sena",MAVAL,MAHARASHTRA,48.8116
"SATPAL BRAHAMCHARI","Indian National Congress",SONIPAT,HARYANA,48.8176
"MURASOLI S","Dravida Munnetra Kazhagam",THANJAVUR,"TAMIL NADU",48.8230
"GENIBEN NAGAJI THAKOR","Indian National Congress",BANASKANTHA,GUJARAT,48.8321
"RAM SHIROMANI VERMA","Samajwadi Party",SHRAWASTI,"UTTAR PRADESH",48.8334
"PANKAJ CHAUDHARY","Bharatiya Janata Party",MAHARAJGANJ,"UTTAR PRADESH",48.8504
"MOHITE-PATIL DHAIRYASHEEL RAJSINH","Nationalist Congress Party – Sharadchandra Pawar",MADHA,MAHARASHTRA,48.8616
"KAUSHALENDRA KUMAR","Janata Dal  (United)",NALANDA,BIHAR,48.8842
"IQRA CHOUDHARY","Samajwadi Party",KAIRANA,"UTTAR PRADESH",48.8989
"VISHAL (DADA) PRAKASHBAPU PATIL",Independent,SANGLI,MAHARASHTRA,48.9129
"MANOJ TIGGA","Bharatiya Janata Party",ALIPURDUARS,"WEST BENGAL",48.9179
"FAGGAN SINGH KULASTE","Bharatiya Janata Party",MANDLA,"MADHYA PRADESH",48.9294
"GAIKWAD VARSHA EKNATH","Indian National Congress","MUMBAI NORTH CENTRAL",MAHARASHTRA,48.9308
"Shyamkumar (Babalu) Daulat Barve","Indian National Congress",RAMTEK,MAHARASHTRA,48.9436
"RAO RAJENDRA SINGH","Bharatiya Janata Party","JAIPUR RURAL",RAJASTHAN,48.9580
"AMARSING TISSO","Bharatiya Janata Party",DIPHU,ASSAM,49.0051
"CHINTAMANI MAHARAJ","Bharatiya Janata Party",SURGUJA,CHHATTISGARH,49.0081
"AKSHAYA YADAV","Samajwadi Party",FIROZABAD,"UTTAR PRADESH",49.0417
"NARAYAN TATU RANE","Bharatiya Janata Party","RATNAGIRI- SINDHUDURG",MAHARASHTRA,49.0695
"ANAND KUMAR","Bharatiya Janata Party",BAHARAICH,"UTTAR PRADESH",49.1027
"DR. KALGE SHIVAJI BANDAPPA","Indian National Congress",LATUR,MAHARASHTRA,49.1511
"DR. PRADEEP KUMAR PANIGRAHY","Bharatiya Janata Party",BERHAMPUR,ODISHA,49.1985
"ABHAY KUMAR SINHA","Rashtriya Janata Dal",AURANGABAD,BIHAR,49.2205
"SANTOSH PANDEY","Bharatiya Janata Party",RAJNANDGAON,CHHATTISGARH,49.2512
"PRASUN BANERJEE","All India Trinamool Congress",HOWRAH,"WEST BENGAL",49.2605
"MANNA LAL RAWAT","Bharatiya Janata Party",UDAIPUR,RAJASTHAN,49.2724
"VARUN CHAUDHRY","Indian National Congress",AMBALA,HARYANA,49.2794
"MAGUNTA SREENIVASULU REDDY","Telugu Desam",ONGOLE,"ANDHRA PRADESH",49.3522
"BUNTY VIVEK SAHU","Bharatiya Janata Party",CHHINDWARA,"MADHYA PRADESH",49.4118
"BRIJENDRA SINGH OLA","Indian National Congress",JHUNJHUNU,RAJASTHAN,49.4374
"MALA ROY","All India Trinamool Congress","KOLKATA DAKSHIN","WEST BENGAL",49.4801
"DHARMENDRA PRADHAN","Bharatiya Janata Party",SAMBALPUR,ODISHA,49.4810
"BASTIPATI NAGARAJU PANCHALINGALA","Telugu Desam",KURNOOLU,"ANDHRA PRADESH",49.5134
"NITYANAND RAI","Bharatiya Janata Party",UJIARPUR,BIHAR,49.5136
"NISHIKANT DUBEY","Bharatiya Janata Party",GODDA,JHARKHAND,49.5736
"DABHI  BHARATSINHJI  SHANKARJI","Bharatiya Janata Party",PATAN,GUJARAT,49.6132
"SHAFI PARAMBIL","Indian National Congress",VADAKARA,KERALA,49.6486
"SHREYAS. M. PATEL","Indian National Congress",HASSAN,KARNATAKA,49.6668
"RUCHI VIRA","Samajwadi Party",MORADABAD,"UTTAR PRADESH",49.6704
"ANIL YESHWANT DESAI","Shiv Sena (Uddhav Balasaheb Thackrey)","MUMBAI SOUTH CENTRAL",MAHARASHTRA,49.7327
MOHIBBULLAH,"Samajwadi Party",RAMPUR,"UTTAR PRADESH",49.7380
"DHARAMBIR SINGH","Bharatiya Janata Party",BHIWANI-MAHENDRAGARH,HARYANA,49.7437
"KIRTIVARDHAN SINGH","Bharatiya Janata Party",GONDA,"UTTAR PRADESH",49.7708
RADHAKRISHNA,"Indian National Congress",GULBARGA,KARNATAKA,49.7774
"RAJABHAU (PARAG) PRAKASH WAJE","Shiv Sena (Uddhav Balasaheb Thackrey)",NASHIK,MAHARASHTRA,49.8486
"ADHIKARI SOUMENDU","Bharatiya Janata Party",KANTHI,"WEST BENGAL",49.8495
"MISHA BHARTI","Rashtriya Janata Dal",PATLIPUTRA,BIHAR,49.8564
"KALIPADA SAREN (KHERWAL)","All India Trinamool Congress",JHARGRAM,"WEST BENGAL",49.8696
"NABA CHARAN MAJHI","Bharatiya Janata Party",MAYURBHANJ,ODISHA,49.9102
"DR BYREDDY SHABARI","Telugu Desam",NANDYAL,"ANDHRA PRADESH",49.9232
"RAMESH AWASTHI","Bharatiya Janata Party",KANPUR,"UTTAR PRADESH",49.9275
"K. RAJASHEKAR BASAVARAJ HITNAL","Indian National Congress",KOPPAL,KARNATAKA,49.9280
"SUKHDEO BHAGAT","Indian National Congress",LOHARDAGA,JHARKHAND,49.9458
"GIRIDHARI YADAV","Janata Dal  (United)",BANKA,BIHAR,49.9606
"BHARAT SINGH KUSHWAH","Bharatiya Janata Party",GWALIOR,"MADHYA PRADESH",49.9941
"ANURAG SHARMA","Bharatiya Janata Party",JHANSI,"UTTAR PRADESH",50.0046
"OM BIRLA","Bharatiya Janata Party",KOTA,RAJASTHAN,50.0278
"P C MOHAN","Bharatiya Janata Party","BANGALORE CENTRAL",KARNATAKA,50.0501
"THANGA TAMILSELVAN","Dravida Munnetra Kazhagam",THENI,"TAMIL NADU",50.0774
"GOVIND MAKTHAPPA KARJOL","Bharatiya Janata Party",CHITRADURGA,KARNATAKA,50.1050
"RAJ KUMAR ROAT","Bharat Adivasi Party",BANSWARA,RAJASTHAN,50.1469
"GIRIRAJ SINGH","Bharatiya Janata Party",BEGUSARAI,BIHAR,50.1541
"TATKARE SUNIL DATTATREY","Nationalist Congress Party",RAIGAD,MAHARASHTRA,50.1694
"TRIVENDRA SINGH RAWAT","Bharatiya Janata Party",HARIDWAR,UTTARAKHAND,50.1917
"RUDRA NARAYAN PANY","Bharatiya Janata Party",DHENKANAL,ODISHA,50.2421
"VIJAY KUMAR HANSDAK","Jharkhand Mukti Morcha",RAJMAHAL,JHARKHAND,50.3486
"DM KATHIR ANAND","Dravida Munnetra Kazhagam",VELLORE,"TAMIL NADU",50.3509
"AJAY KUMAR MANDAL","Janata Dal  (United)",BHAGALPUR,BIHAR,50.3750
"BHUPENDER YADAV","Bharatiya Janata Party",ALWAR,RAJASTHAN,50.4207
"RAO INDERJIT SINGH","Bharatiya Janata Party",GURGAON,HARYANA,50.4821
"RADHA MOHAN SINGH","Bharatiya Janata Party","PURVI CHAMPARAN",BIHAR,50.4982
"PUSHPENDRA SAROJ","Samajwadi Party",KAUSHAMBI,"UTTAR PRADESH",50.5075
"BAPI HALDAR","All India Trinamool Congress",MATHURAPUR,"WEST BENGAL",50.5160
"BASAVARAJ BOMMAI","Bharatiya Janata Party",HAVERI,KARNATAKA,50.5468
"BISHNU PADA RAY","Bharatiya Janata Party","ANDAMAN & NICOBAR ISLANDS","ANDAMAN & NICOBAR ISLANDS",50.5822
"CHHATRA PAL SINGH GANGWAR","Bharatiya Janata Party",BAREILLY,"UTTAR PRADESH",50.6563
"ARJUN RAM MEGHWAL","Bharatiya Janata Party",BIKANER,RAJASTHAN,50.6793
AMRARAM,"Communist Party of India  (Marxist)",SIKAR,RAJASTHAN,50.6820
"MANSUKHBHAI DHANJIBHAI VASAVA","Bharatiya Janata Party",BHARUCH,GUJARAT,50.7235
"RAJESH VERMA","Lok Janshakti Party(Ram Vilas)",KHAGARIA,BIHAR,50.7261
"RAVINDRA SHUKLA ALIAS RAVI KISHAN","Bharatiya Janata Party",GORAKHPUR,"UTTAR PRADESH",50.7473
"JAGANNATH SARKAR","Bharatiya Janata Party",RANAGHAT,"WEST BENGAL",50.7841
"DR. AMOL RAMSING KOLHE","Nationalist Congress Party – Sharadchandra Pawar",SHIRUR,MAHARASHTRA,50.8338
"HARISH CHANDRA MEENA","Indian National Congress","TONK-SAWAI MADHOPUR",RAJASTHAN,50.8537
"MIAN ALTAF AHMAD","Jammu & Kashmir National Conference",ANANTNAG-RAJOURI,"JAMMU & KASHMIR",50.8539
"DR. RAJESH MISHRA","Bharatiya Janata Party",SIDHI,"MADHYA PRADESH",50.8653
"PRADYUT BORDOLOI","Indian National Congress",NAGAON,ASSAM,50.8936
"GADDIGOUDAR. PARVATAGOUDA. CHANDANAGOUDA.","Bharatiya Janata Party",BAGALKOT,KARNATAKA,50.9304
"PHANI BHUSAN CHOUDHURY","Asom Gana Parishad",BARPETA,ASSAM,51.0167
"M. MALLESH BABU","Janata Dal  (Secular)",KOLAR,KARNATAKA,51.0232
"RAHUL KASWAN","Indian National Congress",CHURU,RAJASTHAN,51.1153
"ARVIND GANPAT SAWANT","Shiv Sena (Uddhav Balasaheb Thackrey)","MUMBAI SOUTH",MAHARASHTRA,51.1769
"RAJU BISTA","Bharatiya Janata Party",DARJEELING,"WEST BENGAL",51.1771
"SANJNA JATAV","Indian National Congress",BHARATPUR,RAJASTHAN,51.1818
CHANDRASHEKHAR,"Aazad Samaj Party (Kanshi Ram)",NAGINA,"UTTAR PRADESH",51.1885
"SANDHYA RAY","Bharatiya Janata Party",BHIND,"MADHYA PRADESH",51.1975
"PRIYANKA SATISH JARKIHOLI","Indian National Congress",CHIKKODI,KARNATAKA,51.2142
"B K PARTHASARATHI","Telugu Desam",HINDUPUR,"ANDHRA PRADESH",51.2260
"ANOOP PRADHAN BALMIKI","Bharatiya Janata Party",HATHRAS,"UTTAR PRADESH",51.2363
"EATALA RAJENDER","Bharatiya Janata Party",MALKAJGIRI,TELANGANA,51.2473
"DR JITENDRA SINGH","Bharatiya Janata Party",UDHAMPUR,"JAMMU & KASHMIR",51.2761
"DURAI VAIKO","Marumalarchi Dravida Munnetra Kazhagam",TIRUCHIRAPPALLI,"TAMIL NADU",51.3477
"JITAN RAM MANJHI","Hindustani Awam Morcha (Secular)",GAYA,BIHAR,51.3617
"KIREN RIJIJU","Bharatiya Janata Party","ARUNACHAL WEST","ARUNACHAL PRADESH",51.3794
"KULDEEP INDORA","Indian National Congress",GANGANAGAR,RAJASTHAN,51.3969
"K E PRAKASH","Dravida Munnetra Kazhagam",ERODE,"TAMIL NADU",51.4292
"ADV. DEAN KURIAKOSE","Indian National Congress",IDUKKI,KERALA,51.4326
"PRANITI SUSHILKUMAR SHINDE","Indian National Congress",SOLAPUR,MAHARASHTRA,51.4930
"BHARTI PARDHI","Bharatiya Janata Party",BALAGHAT,"MADHYA PRADESH",51.5568
"JOBA MAJHI","Jharkhand Mukti Morcha",SINGHBHUM,JHARKHAND,51.6242
"G. KUMAR NAIK.","Indian National Congress",RAICHUR,KARNATAKA,51.6279
"MANISH JAISWAL","Bharatiya Janata Party",HAZARIBAGH,JHARKHAND,51.7617
"SUPRIYA SULE","Nationalist Congress Party – Sharadchandra Pawar",BARAMATI,MAHARASHTRA,51.8506
"RAMESH JIGAJINAGI","Bharatiya Janata Party",BIJAPUR,KARNATAKA,51.9075
"ANITA NAGARSINGH CHOUHAN","Bharatiya Janata Party",RATLAM,"MADHYA PRADESH",51.9275
"ARUN BHARTI","Lok Janshakti Party(Ram Vilas)",JAMUI,BIHAR,51.9842
"JANARDAN MISHRA","Bharatiya Janata Party",REWA,"MADHYA PRADESH",52.0035
"SAJDA AHMED","All India Trinamool Congress",ULUBERIA,"WEST BENGAL",52.1013
"JANARDAN SINGH SIGRIWAL","Bharatiya Janata Party",MAHARAJGANJ,BIHAR,52.2166
"MUHAMMED HAMDULLAH SAYEED","Indian National Congress",LAKSHADWEEP,LAKSHADWEEP,52.2886
"JITIN PRASADA","Bharatiya Janata Party",PILIBHIT,"UTTAR PRADESH",52.2985
"ADHIKARI DEEPAK (DEV)","All India Trinamool Congress",GHATAL,"WEST BENGAL",52.3562
"DR RAJKUMAR SANGWAN","Rashtriya Lok Dal",BAGHPAT,"UTTAR PRADESH",52.3647
"PRALHAD JOSHI","Bharatiya Janata Party",DHARWAD,KARNATAKA,52.4139
"MITESH PATEL (BAKABHAI)","Bharatiya Janata Party",ANAND,GUJARAT,52.4401
"SAMBIT PATRA","Bharatiya Janata Party",PURI,ODISHA,52.5783
"E. TUKARAM","Indian National Congress",BELLARY,KARNATAKA,52.5820
"HARSH MALHOTRA","Bharatiya Janata Party","EAST DELHI",DELHI,52.5944
"GAJENDRA SINGH PATEL","Bharatiya Janata Party",KHARGONE,"MADHYA PRADESH",52.5965
"T R BAALU","Dravida Munnetra Kazhagam",SRIPERUMBUDUR,"TAMIL NADU",52.6471
"VE VAITHILINGAM","Indian National Congress",PUDUCHERRY,PUDUCHERRY,52.7273
"AKHILESH YADAV","Samajwadi Party",KANNAUJ,"UTTAR PRADESH",52.7406
"GAJENDRA SINGH SHEKHAWAT","Bharatiya Janata Party",JODHPUR,RAJASTHAN,52.7559
"SK NURUL ISLAM","All India Trinamool Congress",BASIRHAT,"WEST BENGAL",52.7610
"JUGAL KISHORE","Bharatiya Janata Party",JAMMU,"JAMMU & KASHMIR",52.8030
"S SUPONGMEREN JAMIR","Indian National Congress",NAGALAND,NAGALAND,52.8330
"AGA SYED RUHULLAH MEHDI","Jammu & Kashmir National Conference",SRINAGAR,"JAMMU & KASHMIR",52.8501
"KANGNA RANAUT","Bharatiya Janata Party",MANDI,"HIMACHAL PRADESH",52.8664
"KALI CHARAN SINGH","Bharatiya Janata Party",CHATRA,JHARKHAND,52.8875
"MURLIDHAR MOHOL","Bharatiya Janata Party",PUNE,MAHARASHTRA,52.9371
"DINESH CHANDRA YADAV","Janata Dal  (United)",MADHEPURA,BIHAR,52.9595
"DR. KIRSAN  NAMDEO","Indian National Congress",GADCHIROLI,MAHARASHTRA,52.9675
SHAMBHAVI,"Lok Janshakti Party(Ram Vilas)",SAMASTIPUR,BIHAR,52.9682
"HIBI EDEN","Indian National Congress",ERNAKULAM,KERALA,52.9726
"ROOP KUMARI CHOUDHARY","Bharatiya Janata Party",MAHASAMUND,CHHATTISGARH,53.0631
"VIJAYAKUMAR (Alias) VIJAY VASANTH","Indian National Congress",KANNIYAKUMARI,"TAMIL NADU",53.0825
"RODMAL NAGAR","Bharatiya Janata Party",RAJGARH,"MADHYA PRADESH",53.0962
"MANOJ TIWARI","Bharatiya Janata Party","NORTH-EAST DELHI",DELHI,53.0968
"TOKHAN SAHU","Bharatiya Janata Party",BILASPUR,CHHATTISGARH,53.2513
"CHIRAG PASWAN","Lok Janshakti Party(Ram Vilas)",HAJIPUR,BIHAR,53.2940
"HEMAMALINI DHARMENDRA DEOL","Bharatiya Janata Party",MATHURA,"UTTAR PRADESH",53.2957
"AMBICA G LAKSHMINARAYANA VALMIKI","Telugu Desam",ANANTHAPUR,"ANDHRA PRADESH",53.3345
"PROF S P SINGH BAGHEL","Bharatiya Janata Party",AGRA,"UTTAR PRADESH",53.3376
"SHOBHANABEN MAHENDRASINH BARAIYA","Bharatiya Janata Party",SABARKANTHA,GUJARAT,53.3591
"ARUN NEHRU","Dravida Munnetra Kazhagam",PERAMBALUR,"TAMIL NADU",53.4179
"DR.SANJAY JAISWAL","Bharatiya Janata Party","PASCHIM CHAMPARAN",BIHAR,53.4332
"RAMVIR SINGH BIDHURI","Bharatiya Janata Party","SOUTH DELHI",DELHI,53.4593
"PRAVEEN KHANDELWAL","Bharatiya Janata Party","CHANDNI CHOWK",DELHI,53.4618
"BANSURI SWARAJ","Bharatiya Janata Party","NEW DELHI",DELHI,53.4752
"ADV GOWAAL KAGADA PADAVI","Indian National Congress",NANDURBAR,MAHARASHTRA,53.5276
"Suresh Kumar Kashyap","Bharatiya Janata Party",SHIMLA,"HIMACHAL PRADESH",53.5842
"YADUVEER KRISHNADATTA CHAMARAJA WADIYAR","Bharatiya Janata Party",MYSORE,KARNATAKA,53.5882
"KRISHAN PAL","Bharatiya Janata Party",FARIDABAD,HARYANA,53.5959
"SAGAR ESHWAR KHANDRE","Indian National Congress",BIDAR,KARNATAKA,53.6348
"BHAJAN LAL JATAV","Indian National Congress",KARAULI-DHOLPUR,RAJASTHAN,53.6382
"MALA RAJYA LAKSHMI SHAH","Bharatiya Janata Party","TEHRI GARHWAL",UTTARAKHAND,53.6637
DR.K.SUDHAKAR,"Bharatiya Janata Party",CHIKKBALLAPUR,KARNATAKA,53.7371
"KARAN BHUSHAN SINGH","Bharatiya Janata Party",KAISERGANJ,"UTTAR PRADESH",53.7862
"KHADSE RAKSHA NIKHIL","Bharatiya Janata Party",RAVER,MAHARASHTRA,53.8446
"ASHOK KUMAR YADAV","Bharatiya Janata Party",MADHUBANI,BIHAR,53.8497
"LAVU SRIKRISHNA DEVARAYALU","Telugu Desam",NARSARAOPET,"ANDHRA PRADESH",53.8819
"RAJ NATH SINGH","Bharatiya Janata Party",LUCKNOW,"UTTAR PRADESH",53.8933
"CAPTAIN BRIJESH CHOWTA","Bharatiya Janata Party","DAKSHINA KANNADA",KARNATAKA,53.9729
"PUTTA MAHESH KUMAR","Telugu Desam",ELURU,"ANDHRA PRADESH",54.0032
"GAURAV GOGOI","Indian National Congress",JORHAT,ASSAM,54.0391
"NITIN JAIRAM GADKARI","Bharatiya Janata Party",NAGPUR,MAHARASHTRA,54.0754
"CHHATRAPATI SHAHU SHAHAJI","Indian National Congress",KOLHAPUR,MAHARASHTRA,54.1526
SELJA,"Indian National Congress",SIRSA,HARYANA,54.1714
"NARENDRA MODI","Bharatiya Janata Party",VARANASI,"UTTAR PRADESH",54.2383
"SARBANANDA SONOWAL","Bharatiya Janata Party",DIBRUGARH,ASSAM,54.2713
"KALI CHARAN MUNDA","Indian National Congress",KHUNTI,JHARKHAND,54.6233
"CHUDASAMA RAJESHBHAI NARANBHAI","Bharatiya Janata Party",JUNAGADH,GUJARAT,54.6733
"PRADEEP PUROHIT","Bharatiya Janata Party",BARGARH,ODISHA,54.6896
"RAVI SHANKAR PRASAD","Bharatiya Janata Party","PATNA SAHIB",BIHAR,54.6976
"PRADAN BARUAH","Bharatiya Janata Party",LAKHIMPUR,ASSAM,54.7485
"DR. M.P ABDUSSAMAD SAMADANI","Indian Union Muslim League",PONNANI,KERALA,54.8103
"DAGGUBATI PURANDHESHWARI","Bharatiya Janata Party",RAJAHMUNDRY,"ANDHRA PRADESH",54.8190
"DAGGUMALLA PRASADA RAO","Telugu Desam",CHITTOOR,"ANDHRA PRADESH",54.8379
"TANGELLA UDAY SRINIVAS  (TEA TIME UDAY)","Janasena Party",KAKINADA,"ANDHRA PRADESH",54.8727
"SUNIL BOSE","Indian National Congress",CHAMARAJANAGAR,KARNATAKA,54.8746
LUMBARAM,"Bharatiya Janata Party",JALORE,RAJASTHAN,54.9079
"MANOHAR LAL","Bharatiya Janata Party",KARNAL,HARYANA,54.9290
"KISHORI LAL","Indian National Congress",AMETHI,"UTTAR PRADESH",54.9856
"DR. RICKY ANDREW J. SYNGKON","Voice of the People Party",SHILLONG,MEGHALAYA,55.0219
"KAMAKHYA PRASAD TASA","Bharatiya Janata Party",KAZIRANGA,ASSAM,55.0354
"JAGADISH SHETTAR","Bharatiya Janata Party",BELGAUM,KARNATAKA,55.0643
"DR.KALANIDHI VEERASWAMY","Dravida Munnetra Kazhagam","CHENNAI NORTH","TAMIL NADU",55.1068
"KRISHNA PRASAD TENNETI","Telugu Desam",BAPATLA,"ANDHRA PRADESH",55.1602
"BALASHOWRY VALLABHANENI","Janasena Party",MACHILIPATNAM,"ANDHRA PRADESH",55.2162
"KANIMOZHI KARUNANIDHI","Dravida Munnetra Kazhagam",THOOTHUKKUDI,"TAMIL NADU",55.2595
"DULU MAHATO","Bharatiya Janata Party",DHANBAD,JHARKHAND,55.2639
"BALRAM NAIK PORIKA","Indian National Congress",MAHABUBABAD,TELANGANA,55.2653
"KAMALJEET SEHRAWAT","Bharatiya Janata Party","WEST DELHI",DELHI,55.2746
"V. SOMANNA","Bharatiya Janata Party",TUMKUR,KARNATAKA,55.3106
"GOPAL JEE THAKUR","Bharatiya Janata Party",DARBHANGA,BIHAR,55.3250
"VISHNU DAYAL RAM","Bharatiya Janata Party",PALAMAU,JHARKHAND,55.3923
"RADHESHYAM RATHIYA","Bharatiya Janata Party",RAIGARH,CHHATTISGARH,55.6294
"PRABHAKAR REDDY VEMIREDDY","Telugu Desam",NELLORE,"ANDHRA PRADESH",55.6975
"RAJ BHUSHAN CHOUDHARY","Bharatiya Janata Party",MUZAFFARPUR,BIHAR,55.7098
"SAVITRI THAKUR","Bharatiya Janata Party",DHAR,"MADHYA PRADESH",55.7491
"TANUJ PUNIA","Indian National Congress",BARABANKI,"UTTAR PRADESH",55.7809
"P. P. CHAUDHARY","Bharatiya Janata Party",PALI,RAJASTHAN,55.9437
"BIJULI KALITA  MEDHI","Bharatiya Janata Party",GUWAHATI,ASSAM,55.9518
"ASIT KUMAR MAL","All India Trinamool Congress",BOLPUR,"WEST BENGAL",55.9797
"NARESH GANPAT MHASKE","Shiv Sena",THANE,MAHARASHTRA,56.0881
"DHAVAL LAXMANBHAI  PATEL","Bharatiya Janata Party",VALSAD,GUJARAT,56.1348
"Sasikanth Senthil","Indian National Congress",TIRUVALLUR,"TAMIL NADU",56.2103
"DR C N MANJUNATH","Bharatiya Janata Party","BANGALORE RURAL",KARNATAKA,56.2115
"SHOBHA KARANDLAJE","Bharatiya Janata Party","BANGALORE NORTH",KARNATAKA,56.2651
"DR SHRIKANT EKNATH SHINDE","Shiv Sena",KALYAN,MAHARASHTRA,56.3848
"SHRIPAD YESSO NAIK","Bharatiya Janata Party","NORTH GOA",GOA,56.4289
B.Y.RAGHAVENDRA,"Bharatiya Janata Party",SHIMOGA,KARNATAKA,56.5428
"DAYANIDHI MARAN","Dravida Munnetra Kazhagam","CHENNAI CENTRAL","TAMIL NADU",56.6489
"DR BHOLA SINGH","Bharatiya Janata Party",BULANDSHAHR,"UTTAR PRADESH",56.6493
"DIMPLE YADAV","Samajwadi Party",MAINPURI,"UTTAR PRADESH",56.7856
"BIDYUT BARAN MAHATO","Bharatiya Janata Party",JAMSHEDPUR,JHARKHAND,56.8376
"SALENG A SANGMA","Indian National Congress",TURA,MEGHALAYA,56.9565
"GYANESHWAR PATIL","Bharatiya Janata Party",KHANDWA,"MADHYA PRADESH",57.0350
"PARBHUBHAI NAGARBHAI VASAVA","Bharatiya Janata Party",BARDOLI,GUJARAT,57.0396
"APPALANAIDU KALISETTI","Telugu Desam",VIZIANAGARAM,"ANDHRA PRADESH",57.1959
"BHUPATHI RAJU SRINIVASA VARMA (B.J.P.VARMA)","Bharatiya Janata Party",NARSAPURAM,"ANDHRA PRADESH",57.4611
C.M.RAMESH,"Bharatiya Janata Party",ANAKAPALLE,"ANDHRA PRADESH",57.5002
"SMITA UDAY WAGH","Bharatiya Janata Party",JALGAON,MAHARASHTRA,57.6654
"ANNPURNA DEVI","Bharatiya Janata Party",KODARMA,JHARKHAND,57.7867
"DHANORKAR PRATIBHA SURESH ALIAS BALUBHAU","Indian National Congress",CHANDRAPUR,MAHARASHTRA,57.8754
"ANURAG SINGH THAKUR","Bharatiya Janata Party",HAMIRPUR,"HIMACHAL PRADESH",57.9671
"ATUL GARG","Bharatiya Janata Party",GHAZIABAD,"UTTAR PRADESH",58.0898
"KESINENI SIVANATH (CHINNI)","Telugu Desam",VIJAYAWADA,"ANDHRA PRADESH",58.2052
"YOGENDER CHANDOLIYA","Bharatiya Janata Party","NORTH-WEST DELHI",DELHI,58.2624
"SACHITHANANTHAM R","Communist Party of India  (Marxist)",DINDIGUL,"TAMIL NADU",58.2930
"H.D. KUMARASWAMY","Janata Dal  (Secular)",MANDYA,KARNATAKA,58.3373
"OMPRAKASH BHUPALSINH ALIAS PAVAN RAJENIMBALKAR","Shiv Sena (Uddhav Balasaheb Thackrey)",OSMANABAD,MAHARASHTRA,58.4482
"ANIL BALUNI","Bharatiya Janata Party",GARHWAL,UTTARAKHAND,58.6033
"DELKAR KALABEN MOHANBHAI","Bharatiya Janata Party","DADAR & NAGAR HAVELI","DADRA & NAGAR HAVELI AND DAMAN & DIU",58.8916
"POONAMBEN HEMATBHAI MAADAM","Bharatiya Janata Party",JAMNAGAR,GUJARAT,58.9829
"CHANDUBHAI CHHAGANBHAI SHIHORA","Bharatiya Janata Party",SURENDRANAGAR,GUJARAT,59.1977
"CHANDRA PRAKASH JOSHI","Bharatiya Janata Party",CHITTORGARH,RAJASTHAN,59.2635
"E.T.  MOHAMMED BASHEER","Indian Union Muslim League",MALAPPURAM,KERALA,59.3454
"KOTA SRINIVAS POOJARY","Bharatiya Janata Party","UDUPI CHIKMAGALUR",KARNATAKA,59.5594
"DR. MAHESH SHARMA","Bharatiya Janata Party","GAUTAM BUDDHA NAGAR","UTTAR PRADESH",59.6857
"RAHUL GANDHI","Indian National Congress",WAYANAD,KERALA,59.6914
"PARIMAL SUKLABAIDYA","Bharatiya Janata Party",SILCHAR,ASSAM,59.8852
"RAKIBUL HUSSAIN","Indian National Congress",DHUBRI,ASSAM,59.9886
"TEJASVI SURYA","Bharatiya Janata Party","BANGALORE SOUTH",KARNATAKA,60.0980
"RANJIT DUTTA","Bharatiya Janata Party",SONITPUR,ASSAM,60.2101
"CHAVDA VINOD LAKHAMSHI","Bharatiya Janata Party",KACHCHH,GUJARAT,60.2264
"MURARI LAL MEENA","Indian National Congress",DAUSA,RAJASTHAN,60.2448
"PRATIMA MONDAL","All India Trinamool Congress",JOYNAGAR,"WEST BENGAL",60.3193
"KUNDURU RAGHUVEER","Indian National Congress",NALGONDA,TELANGANA,60.5047
"MANJU SHARMA","Bharatiya Janata Party",JAIPUR,RAJASTHAN,60.6079
"DR CHANDRA SEKHAR PEMMASANI","Telugu Desam",GUNTUR,"ANDHRA PRADESH",60.6823
"DURGADAS (D. D.) UIKEY","Bharatiya Janata Party",BETUL,"MADHYA PRADESH",60.7610
"DUSHYANT SINGH","Bharatiya Janata Party",JHALAWAR-BARAN,RAJASTHAN,60.8849
"DR RAJEEV BHARDWAJ","Bharatiya Janata Party",KANGRA,"HIMACHAL PRADESH",61.0293
"AJAY BHATT","Bharatiya Janata Party","NAINITAL-UDHAMSINGH NAGAR",UTTARAKHAND,61.0317
"KINJARAPU RAMMOHAN NAIDU","Telugu Desam",SRIKAKULAM,"ANDHRA PRADESH",61.0453
"G M HARISH (BALAYOGI)","Telugu Desam",AMALAPURAM,"ANDHRA PRADESH",61.2541
"ASADUDDIN OWAISI","All India Majlis-E-Ittehadul Muslimeen",HYDERABAD,TELANGANA,61.2762
"RAMASAHAYAM RAGHURAM REDDY","Indian National Congress",KHAMMAM,TELANGANA,61.2914
"JASWANTSINH SUMANBHAI BHABHOR","Bharatiya Janata Party",DAHOD,GUJARAT,61.5862
"SMT. HIMADRI SINGH","Bharatiya Janata Party",SHAHDOL,"MADHYA PRADESH",61.7305
"DAMODAR AGARWAL","Bharatiya Janata Party",BHILWARA,RAJASTHAN,61.9168
"VISHWESHWAR HEGDE KAGERI","Bharatiya Janata Party","UTTARA KANNADA",KARNATAKA,61.9670
"VIJAY BAGHEL","Bharatiya Janata Party",DURG,CHHATTISGARH,61.9980
"BHAGIRATH CHOUDHARY","Bharatiya Janata Party",AJMER,RAJASTHAN,62.2274
"DEEPENDER SINGH HOODA","Indian National Congress",ROHTAK,HARYANA,62.7643
"JASHUBHAI BHILUBHAI RATHVA","Bharatiya Janata Party","CHHOTA UDAIPUR",GUJARAT,62.8364
"ANIL FIROJIYA","Bharatiya Janata Party",UJJAIN,"MADHYA PRADESH",62.9322
"MAHENDRA SINGH SOLANKY","Bharatiya Janata Party",DEWAS,"MADHYA PRADESH",63.2318
"DINESHBHAI MAKWANA (ADVOCATE)","Bharatiya Janata Party","AHMEDABAD WEST",GUJARAT,63.2811
"DEVUSINH CHAUHAN","Bharatiya Janata Party",KHEDA,GUJARAT,63.3105
"HARIBHAI PATEL","Bharatiya Janata Party",MAHESANA,GUJARAT,63.7434
"AJAY TAMTA","Bharatiya Janata Party",ALMORA,UTTARAKHAND,64.1988
"MAHIMA KUMARI MEWAR","Bharatiya Janata Party",RAJSAMAND,RAJASTHAN,64.3957
"DARSHAN SINGH CHOUDHARY","Bharatiya Janata Party",HOSHANGABAD,"MADHYA PRADESH",64.9878
"DR. VIRENDRA KUMAR","Bharatiya Janata Party",TIKAMGARH,"MADHYA PRADESH",65.0998
"RAHUL SINGH LODHI","Bharatiya Janata Party",DAMOH,"MADHYA PRADESH",65.1795
"SRIBHARAT MATHUKUMILI","Telugu Desam",VISAKHAPATNAM,"ANDHRA PRADESH",65.4207
"ALOK SHARMA","Bharatiya Janata Party",BHOPAL,"MADHYA PRADESH",65.4821
"PIYUSH GOYAL","Bharatiya Janata Party","MUMBAI NORTH",MAHARASHTRA,65.6833
"SUDHEER GUPTA","Bharatiya Janata Party",MANDSOUR,"MADHYA PRADESH",65.9760
"RAHUL GANDHI","Indian National Congress","RAE BARELI","UTTAR PRADESH",66.1698
"BRIJMOHAN AGRAWAL","Bharatiya Janata Party",RAIPUR,CHHATTISGARH,66.1949
"BHARATBHAI MANUBHAI SUTARIYA","Bharatiya Janata Party",AMRELI,GUJARAT,66.2774
"JYOTIRADITYA M. SCINDIA","Bharatiya Janata Party",GUNA,"MADHYA PRADESH",67.2096
"PARSHOTTAMBHAI RUPALA","Bharatiya Janata Party",RAJKOT,GUJARAT,67.3699
"VISHNU DATT SHARMA (V.D.SHARMA)","Bharatiya Janata Party",KHAJURAHO,"MADHYA PRADESH",67.7533
"DR. MANSUKH MANDAVIYA","Bharatiya Janata Party",PORBANDAR,GUJARAT,68.1522
"ASHISH DUBEY","Bharatiya Janata Party",JABALPUR,"MADHYA PRADESH",68.2005
"HASMUKHBHAI PATEL (H.S.PATEL)","Bharatiya Janata Party","AHMEDABAD EAST",GUJARAT,68.2826
"NIMUBEN JAYANTIBHAI BAMBHANIYA (NIMUBEN BAMBHANIYA)","Bharatiya Janata Party",BHAVNAGAR,GUJARAT,68.4550
"ABHISHEK BANERJEE","All India Trinamool Congress","DIAMOND HARBOUR","WEST BENGAL",68.4752
"DR. LATA WANKHEDE","Bharatiya Janata Party",SAGAR,"MADHYA PRADESH",68.4872
"KRITI DEVI DEBBARMAN","Bharatiya Janata Party","TRIPURA EAST",TRIPURA,68.5371
"RAJPALSINH MAHENDRASINH JADAV","Bharatiya Janata Party",PANCHMAHAL,GUJARAT,70.2237
"DR. HEMANG JOSHI","Bharatiya Janata Party",VADODARA,GUJARAT,72.0364
"BIPLAB KUMAR DEB","Bharatiya Janata Party","TRIPURA WEST",TRIPURA,72.8496
"AMIT SHAH","Bharatiya Janata Party",GANDHINAGAR,GUJARAT,76.4844
"SHIVRAJ SINGH CHOUHAN","Bharatiya Janata Party",VIDISHA,"MADHYA PRADESH",76.6980
"C R PATIL","Bharatiya Janata Party",NAVSARI,GUJARAT,77.0477
"SHANKAR LALWANI","Bharatiya Janata Party",INDORE,"MADHYA PRADESH",78.5388
